vin,year,model,body,trim,engine,transmission,drivetrain,exterior_color,msrp,dealer,location,ordernum,json,all_rpos
1G1FB1RS8K0110191,2019,CAMARO,COUPE,1LT,"3.6L V6, DI, VVT",A10,RWD,SHADOW GRAY METALLIC,29580,"HUBLER CHEVROLET, INC.","INDIANAPOLIS, IN 46227-0991",WHRT0D,"{'maker': 'CHEVY', 'model_year': '2019', 'mmc_code': '1AG37', 'vin': '1G1FB1RS8K0110191', 'sitedealer_code': '25372', 'sell_source': '13', 'order_number': 'WHRT0D', 'creation_date': '10/25/2019', 'Options': ['AKQ', 'AL0', 'AM7', 'ATH', 'AT8', 'AV3', 'AXJ', 'AYG', 'A50', 'BTV', 'B0V', 'B34', 'C68', 'DCP', 'DG7', 'D31', 'EF7', 'FE2', 'FE9', 'FJW', 'GJI', 'HRE', 'H1T', 'IOR', 'I19', 'JL9', 'J71', 'KB7', 'KRV', 'KTI', 'LAL', 'LGX', 'MAH', 'MX0', 'M5T', 'M97', 'NE8', 'NP5', 'NTB', 'NV9', 'N10', 'REG', 'R0H', 'R8J', 'R9N', 'SBF', 'SFE', 'SLM', 'TDM', 'T4L', 'T61', 'UDD', 'UE1', 'UJM', 'UMN', 'UPG', 'UQ3', 'UST', 'UVB', 'U2K', 'U77', 'U80', 'VRG', 'VRH', 'VRJ', 'VRK', 'VRL', 'VRM', 'VRN', 'VRR', 'VT7', 'VV4', 'VY7', 'V8D', 'WMK', 'XL8', 'YM8', '0ST', '1LT', '1NF', '1SZ', '2NF', '2ST', '4AA', '5A7', '6X1', '7X1', '8DX', '9DX', '9L3']}","['AKQ', 'AL0', 'AM7', 'ATH', 'AT8', 'AV3', 'AXJ', 'AYG', 'A50', 'BTV', 'B0V', 'B34', 'C68', 'DCP', 'DG7', 'D31', 'EF7', 'FE2', 'FE9', 'FJW', 'GJI', 'HRE', 'H1T', 'IOR', 'I19', 'JL9', 'J71', 'KB7', 'KRV', 'KTI', 'LAL', 'LGX', 'MAH', 'MX0', 'M5T', 'M97', 'NE8', 'NP5', 'NTB', 'NV9', 'N10', 'REG', 'R0H', 'R8J', 'R9N', 'SBF', 'SFE', 'SLM', 'TDM', 'T4L', 'T61', 'UDD', 'UE1', 'UJM', 'UMN', 'UPG', 'UQ3', 'UST', 'UVB', 'U2K', 'U77', 'U80', 'VRG', 'VRH', 'VRJ', 'VRK', 'VRL', 'VRM', 'VRN', 'VRR', 'VT7', 'VV4', 'VY7', 'V8D', 'WMK', 'XL8', 'YM8', '0ST', '1LT', '1NF', '1SZ', '2NF', '2ST', '4AA', '5A7', '6X1', '7X1', '8DX', '9DX', '9L3']"
1G1FB1RSXK0112587,2019,CAMARO,COUPE,1LT,"3.6L V6, DI, VVT",A10,RWD,SILVER ICE METALLIC,29485,RICK HENDRICK CHEVROLET OF BUFORD,"BUFORD, GA 30518-3317",WHXP8X,"{'maker': 'CHEVY', 'model_year': '2019', 'mmc_code': '1AG37', 'vin': '1G1FB1RSXK0112587', 'sitedealer_code': '08081', 'sell_source': '13', 'order_number': 'WHXP8X', 'creation_date': '7/27/2019', 'Options': ['AKQ', 'AL0', 'AM7', 'ATH', 'AT8', 'AV3', 'AXJ', 'AYG', 'A50', 'BTV', 'B34', 'B8P', 'C68', 'DCP', 'DG7', 'D31', 'EF7', 'FE2', 'FE9', 'FJW', 'GAN', 'HRE', 'H1T', 'IOR', 'I19', 'JL9', 'J71', 'KB7', 'KRV', 'KTI', 'LAL', 'LGX', 'MAH', 'MX0', 'M5T', 'M97', 'NE8', 'NP5', 'NTB', 'NV9', 'N10', 'REG', 'R0H', 'R8J', 'R9N', 'SBF', 'SLM', 'TDM', 'T4L', 'T61', 'UDD', 'UE1', 'UJM', 'UMN', 'UPG', 'UQ3', 'UST', 'UVB', 'U2K', 'U77', 'U80', 'VRG', 'VRH', 'VRJ', 'VRK', 'VRL', 'VRM', 'VRN', 'VRR', 'VT7', 'VV4', 'VY7', 'V8D', 'WMK', 'XL8', '0ST', '1LT', '1NF', '1SZ', '2NF', '2ST', '4AA', '5A7', '6X1', '7X1', '8DX', '9DX', '9L3']}","['AKQ', 'AL0', 'AM7', 'ATH', 'AT8', 'AV3', 'AXJ', 'AYG', 'A50', 'BTV', 'B34', 'B8P', 'C68', 'DCP', 'DG7', 'D31', 'EF7', 'FE2', 'FE9', 'FJW', 'GAN', 'HRE', 'H1T', 'IOR', 'I19', 'JL9', 'J71', 'KB7', 'KRV', 'KTI', 'LAL', 'LGX', 'MAH', 'MX0', 'M5T', 'M97', 'NE8', 'NP5', 'NTB', 'NV9', 'N10', 'REG', 'R0H', 'R8J', 'R9N', 'SBF', 'SLM', 'TDM', 'T4L', 'T61', 'UDD', 'UE1', 'UJM', 'UMN', 'UPG', 'UQ3', 'UST', 'UVB', 'U2K', 'U77', 'U80', 'VRG', 'VRH', 'VRJ', 'VRK', 'VRL', 'VRM', 'VRN', 'VRR', 'VT7', 'VV4', 'VY7', 'V8D', 'WMK', 'XL8', '0ST', '1LT', '1NF', '1SZ', '2NF', '2ST', '4AA', '5A7', '6X1', '7X1', '8DX', '9DX', '9L3']"
1G1FB1RS0K0119497,2019,CAMARO,COUPE,1LT,"3.6L V6, DI, VVT",A10,RWD,GARNET RED TINTCOAT,30075,ROBBINS CHEVROLET,"HUMBLE, TX 77338-4299",WMJBS7,"{'maker': 'CHEVY', 'model_year': '2019', 'mmc_code': '1AG37', 'vin': '1G1FB1RS0K0119497', 'sitedealer_code': '30544', 'sell_source': '13', 'order_number': 'WMJBS7', 'creation_date': '2/28/2020', 'Options': ['AKQ', 'AL0', 'AM7', 'ATH', 'AT8', 'AV3', 'AXJ', 'AYG', 'A50', 'BTV', 'B34', 'C68', 'DCP', 'DG7', 'D31', 'EF7', 'FE2', 'FE9', 'FJW', 'G7E', 'HRE', 'H1T', 'IOR', 'I19', 'JL9', 'J71', 'KB7', 'KRV', 'KTI', 'LAL', 'LGX', 'MAH', 'MX0', 'M5T', 'M97', 'NE8', 'NP5', 'NTB', 'NV9', 'N10', 'REG', 'R0H', 'R8J', 'R9N', 'SBF', 'SLM', 'TDM', 'T4L', 'T61', 'UDD', 'UE1', 'UJM', 'UMN', 'UPG', 'UQ3', 'UST', 'UVB', 'U2K', 'U77', 'U80', 'VK3', 'VRG', 'VRH', 'VRJ', 'VRK', 'VRL', 'VRM', 'VRN', 'VRR', 'VT7', 'VV4', 'VY7', 'V8D', 'WMK', 'XL8', 'YM8', '0ST', '1LT', '1NF', '1SZ', '2NF', '2ST', '4AA', '5A7', '5LP', '6X1', '7X1', '8DX', '9DX', '9L3']}","['AKQ', 'AL0', 'AM7', 'ATH', 'AT8', 'AV3', 'AXJ', 'AYG', 'A50', 'BTV', 'B34', 'C68', 'DCP', 'DG7', 'D31', 'EF7', 'FE2', 'FE9', 'FJW', 'G7E', 'HRE', 'H1T', 'IOR', 'I19', 'JL9', 'J71', 'KB7', 'KRV', 'KTI', 'LAL', 'LGX', 'MAH', 'MX0', 'M5T', 'M97', 'NE8', 'NP5', 'NTB', 'NV9', 'N10', 'REG', 'R0H', 'R8J', 'R9N', 'SBF', 'SLM', 'TDM', 'T4L', 'T61', 'UDD', 'UE1', 'UJM', 'UMN', 'UPG', 'UQ3', 'UST', 'UVB', 'U2K', 'U77', 'U80', 'VK3', 'VRG', 'VRH', 'VRJ', 'VRK', 'VRL', 'VRM', 'VRN', 'VRR', 'VT7', 'VV4', 'VY7', 'V8D', 'WMK', 'XL8', 'YM8', '0ST', '1LT', '1NF', '1SZ', '2NF', '2ST', '4AA', '5A7', '5LP', '6X1', '7X1', '8DX', '9DX', '9L3']"
1G1FB1RXXK0112858,2019,CAMARO,COUPE,1LT,"2.0L Turbo, 4-cylinder, SIDI, VVT",A8,RWD,SHADOW GRAY METALLIC,31180,NASH CHEVROLET COMPANY,"LAWRENCEVILLE, GA 30046-0608",WHJNCK,"{'maker': 'CHEVY', 'model_year': '2019', 'mmc_code': '1AG37', 'vin': '1G1FB1RXXK0112858', 'sitedealer_code': '08479', 'sell_source': '13', 'order_number': 'WHJNCK', 'creation_date': '3/6/2020', 'Options': ['AKQ', 'AL0', 'AM7', 'ATH', 'AT8', 'AV3', 'AXJ', 'AYG', 'A50', 'BTV', 'B34', 'CF5', 'C68', 'DCP', 'DG7', 'D31', 'D80', 'EF7', 'FE2', 'FE9', 'FJW', 'GJI', 'GW6', 'H1T', 'IOR', 'I19', 'JL9', 'J71', 'KB7', 'KRV', 'LAL', 'LTG', 'MAH', 'MX0', 'M5T', 'M97', 'NE8', 'NKC', 'NP5', 'NTB', 'NV9', 'N10', 'RQ9', 'R29', 'R8J', 'R9N', 'SBF', 'SFE', 'SLM', 'TDM', 'T4L', 'T61', 'UDD', 'UE1', 'UJM', 'UMN', 'UPG', 'UQ3', 'UST', 'UVB', 'U2K', 'U77', 'U80', 'VLI', 'VRG', 'VRH', 'VRJ', 'VRK', 'VRL', 'VRM', 'VRN', 'VRR', 'VT7', 'VV4', 'VY7', 'V8D', 'WMK', 'WRS', 'XL8', 'YM8', '0ST', '1LT', '1NF', '1SZ', '2NF', '2ST', '4AA', '5A7', '6X1', '7X1', '8DX', '9DX', '9L3']}","['AKQ', 'AL0', 'AM7', 'ATH', 'AT8', 'AV3', 'AXJ', 'AYG', 'A50', 'BTV', 'B34', 'CF5', 'C68', 'DCP', 'DG7', 'D31', 'D80', 'EF7', 'FE2', 'FE9', 'FJW', 'GJI', 'GW6', 'H1T', 'IOR', 'I19', 'JL9', 'J71', 'KB7', 'KRV', 'LAL', 'LTG', 'MAH', 'MX0', 'M5T', 'M97', 'NE8', 'NKC', 'NP5', 'NTB', 'NV9', 'N10', 'RQ9', 'R29', 'R8J', 'R9N', 'SBF', 'SFE', 'SLM', 'TDM', 'T4L', 'T61', 'UDD', 'UE1', 'UJM', 'UMN', 'UPG', 'UQ3', 'UST', 'UVB', 'U2K', 'U77', 'U80', 'VLI', 'VRG', 'VRH', 'VRJ', 'VRK', 'VRL', 'VRM', 'VRN', 'VRR', 'VT7', 'VV4', 'VY7', 'V8D', 'WMK', 'WRS', 'XL8', 'YM8', '0ST', '1LT', '1NF', '1SZ', '2NF', '2ST', '4AA', '5A7', '6X1', '7X1', '8DX', '9DX', '9L3']"
1G1FB1RX2K0112952,2019,CAMARO,COUPE,1LT,"2.0L Turbo, 4-cylinder, SIDI, VVT",A8,RWD,GARNET RED TINTCOAT,28385,"MANFREDI CHEVROLET, LLC","STATEN ISLAND, NY 10306-4343",WGWMCK,"{'maker': 'CHEVY', 'model_year': '2019', 'mmc_code': '1AG37', 'vin': '1G1FB1RX2K0112952', 'sitedealer_code': '02134', 'sell_source': '13', 'order_number': 'WGWMCK', 'creation_date': '8/28/2019', 'Options': ['AKQ', 'AL0', 'AM7', 'ATH', 'AT8', 'AV3', 'AXJ', 'AYG', 'A50', 'BTV', 'B0T', 'B34', 'C68', 'DCP', 'DG7', 'D31', 'EF7', 'FE2', 'FJW', 'GW6', 'G7E', 'H1T', 'IOR', 'I19', 'JL9', 'J71', 'KB7', 'KRV', 'KTI', 'LAL', 'LTG', 'MAH', 'MX0', 'M5T', 'M97', 'NE1', 'NE8', 'NKC', 'NP5', 'NUB', 'NV9', 'N10', 'REG', 'R0H', 'R8J', 'R9N', 'SBF', 'SLM', 'TDM', 'T4L', 'T61', 'UDD', 'UE1', 'UJM', 'UMN', 'UPG', 'UQ3', 'UST', 'UVB', 'U2K', 'U77', 'U80', 'VK3', 'VRG', 'VRH', 'VRJ', 'VRK', 'VRL', 'VRM', 'VRN', 'VRR', 'VT7', 'VV4', 'VY7', 'V8D', 'WMK', 'XL8', '0ST', '1LT', '1NF', '1SZ', '2NF', '2ST', '4AA', '5A7', '6X1', '7X1', '8DX', '9DX', '9L3']}","['AKQ', 'AL0', 'AM7', 'ATH', 'AT8', 'AV3', 'AXJ', 'AYG', 'A50', 'BTV', 'B0T', 'B34', 'C68', 'DCP', 'DG7', 'D31', 'EF7', 'FE2', 'FJW', 'GW6', 'G7E', 'H1T', 'IOR', 'I19', 'JL9', 'J71', 'KB7', 'KRV', 'KTI', 'LAL', 'LTG', 'MAH', 'MX0', 'M5T', 'M97', 'NE1', 'NE8', 'NKC', 'NP5', 'NUB', 'NV9', 'N10', 'REG', 'R0H', 'R8J', 'R9N', 'SBF', 'SLM', 'TDM', 'T4L', 'T61', 'UDD', 'UE1', 'UJM', 'UMN', 'UPG', 'UQ3', 'UST', 'UVB', 'U2K', 'U77', 'U80', 'VK3', 'VRG', 'VRH', 'VRJ', 'VRK', 'VRL', 'VRM', 'VRN', 'VRR', 'VT7', 'VV4', 'VY7', 'V8D', 'WMK', 'XL8', '0ST', '1LT', '1NF', '1SZ', '2NF', '2ST', '4AA', '5A7', '6X1', '7X1', '8DX', '9DX', '9L3']"
1G1FB1RS6K0121772,2019,CAMARO,COUPE,1LT,"3.6L V6, DI, VVT",A10,RWD,GARNET RED TINTCOAT,30570,OBX CHEVROLET BUICK,"KITTY HAWK, NC 27949-2289",WMPGR6,"{'maker': 'CHEVY', 'model_year': '2019', 'mmc_code': '1AG37', 'vin': '1G1FB1RS6K0121772', 'sitedealer_code': '14325', 'sell_source': '13', 'order_number': 'WMPGR6', 'creation_date': '3/5/2020', 'Options': ['AKQ', 'AL0', 'AM7', 'ATH', 'AT8', 'AV3', 'AXJ', 'AYG', 'A50', 'BTV', 'B34', 'C68', 'DCP', 'DG7', 'D31', 'EF7', 'FE2', 'FE9', 'FJW', 'G7E', 'HRE', 'H72', 'IOR', 'I19', 'JL9', 'J71', 'KB7', 'KRV', 'KTI', 'LAL', 'LGX', 'MAH', 'MX0', 'M5T', 'M97', 'NE8', 'NP5', 'NTB', 'NV9', 'N10', 'REG', 'R0H', 'R8J', 'R9N', 'SBF', 'SLM', 'TDM', 'T4L', 'T61', 'UDD', 'UE1', 'UJM', 'UMN', 'UPG', 'UQ3', 'UST', 'UVB', 'U2K', 'U77', 'U80', 'VRG', 'VRH', 'VRJ', 'VRK', 'VRL', 'VRM', 'VRN', 'VRR', 'VT7', 'VV4', 'VY7', 'V8D', 'WMK', 'XL8', 'YM8', '0ST', '1LT', '1NF', '1SZ', '2NF', '2ST', '4F7', '5A7', '5ZU', '6X1', '7X1', '8DX', '9DX', '9L3']}","['AKQ', 'AL0', 'AM7', 'ATH', 'AT8', 'AV3', 'AXJ', 'AYG', 'A50', 'BTV', 'B34', 'C68', 'DCP', 'DG7', 'D31', 'EF7', 'FE2', 'FE9', 'FJW', 'G7E', 'HRE', 'H72', 'IOR', 'I19', 'JL9', 'J71', 'KB7', 'KRV', 'KTI', 'LAL', 'LGX', 'MAH', 'MX0', 'M5T', 'M97', 'NE8', 'NP5', 'NTB', 'NV9', 'N10', 'REG', 'R0H', 'R8J', 'R9N', 'SBF', 'SLM', 'TDM', 'T4L', 'T61', 'UDD', 'UE1', 'UJM', 'UMN', 'UPG', 'UQ3', 'UST', 'UVB', 'U2K', 'U77', 'U80', 'VRG', 'VRH', 'VRJ', 'VRK', 'VRL', 'VRM', 'VRN', 'VRR', 'VT7', 'VV4', 'VY7', 'V8D', 'WMK', 'XL8', 'YM8', '0ST', '1LT', '1NF', '1SZ', '2NF', '2ST', '4F7', '5A7', '5ZU', '6X1', '7X1', '8DX', '9DX', '9L3']"
1G1FB1RS0K0119497,2019,CAMARO,COUPE,1LT,"3.6L V6, DI, VVT",A10,RWD,GARNET RED TINTCOAT,30075,ROBBINS CHEVROLET,"HUMBLE, TX 77338-4299",WMJBS7,"{'maker': 'CHEVY', 'model_year': '2019', 'mmc_code': '1AG37', 'vin': '1G1FB1RS0K0119497', 'sitedealer_code': '30544', 'sell_source': '13', 'order_number': 'WMJBS7', 'creation_date': '2/28/2020', 'Options': ['AKQ', 'AL0', 'AM7', 'ATH', 'AT8', 'AV3', 'AXJ', 'AYG', 'A50', 'BTV', 'B34', 'C68', 'DCP', 'DG7', 'D31', 'EF7', 'FE2', 'FE9', 'FJW', 'G7E', 'HRE', 'H1T', 'IOR', 'I19', 'JL9', 'J71', 'KB7', 'KRV', 'KTI', 'LAL', 'LGX', 'MAH', 'MX0', 'M5T', 'M97', 'NE8', 'NP5', 'NTB', 'NV9', 'N10', 'REG', 'R0H', 'R8J', 'R9N', 'SBF', 'SLM', 'TDM', 'T4L', 'T61', 'UDD', 'UE1', 'UJM', 'UMN', 'UPG', 'UQ3', 'UST', 'UVB', 'U2K', 'U77', 'U80', 'VK3', 'VRG', 'VRH', 'VRJ', 'VRK', 'VRL', 'VRM', 'VRN', 'VRR', 'VT7', 'VV4', 'VY7', 'V8D', 'WMK', 'XL8', 'YM8', '0ST', '1LT', '1NF', '1SZ', '2NF', '2ST', '4AA', '5A7', '5LP', '6X1', '7X1', '8DX', '9DX', '9L3']}","['AKQ', 'AL0', 'AM7', 'ATH', 'AT8', 'AV3', 'AXJ', 'AYG', 'A50', 'BTV', 'B34', 'C68', 'DCP', 'DG7', 'D31', 'EF7', 'FE2', 'FE9', 'FJW', 'G7E', 'HRE', 'H1T', 'IOR', 'I19', 'JL9', 'J71', 'KB7', 'KRV', 'KTI', 'LAL', 'LGX', 'MAH', 'MX0', 'M5T', 'M97', 'NE8', 'NP5', 'NTB', 'NV9', 'N10', 'REG', 'R0H', 'R8J', 'R9N', 'SBF', 'SLM', 'TDM', 'T4L', 'T61', 'UDD', 'UE1', 'UJM', 'UMN', 'UPG', 'UQ3', 'UST', 'UVB', 'U2K', 'U77', 'U80', 'VK3', 'VRG', 'VRH', 'VRJ', 'VRK', 'VRL', 'VRM', 'VRN', 'VRR', 'VT7', 'VV4', 'VY7', 'V8D', 'WMK', 'XL8', 'YM8', '0ST', '1LT', '1NF', '1SZ', '2NF', '2ST', '4AA', '5A7', '5LP', '6X1', '7X1', '8DX', '9DX', '9L3']"
1G1FB1RS3K0127156,2019,CAMARO,COUPE,1LT,"3.6L V6, DI, VVT",A10,RWD,BLACK,31435,DOC'S CHEVROLET BUICK GMC,"THOMASVILLE, AL 36784-4745",WNTKTC,"{'maker': 'CHEVY', 'model_year': '2019', 'mmc_code': '1AG37', 'vin': '1G1FB1RS3K0127156', 'sitedealer_code': '24292', 'sell_source': '13', 'order_number': 'WNTKTC', 'creation_date': '2/9/2020', 'Options': ['AKQ', 'AL0', 'AM7', 'ATH', 'AT8', 'AV3', 'AXJ', 'AYG', 'A50', 'BTV', 'B34', 'C68', 'DCP', 'DG7', 'D31', 'D80', 'EF7', 'FE2', 'FE9', 'FJW', 'GBA', 'HRE', 'H1T', 'IOR', 'I19', 'JL9', 'J71', 'KB7', 'KRV', 'LAL', 'LGX', 'MAH', 'MX0', 'M5T', 'M97', 'NE8', 'NP5', 'NTB', 'NV9', 'N10', 'RQ9', 'R29', 'R8J', 'R9N', 'SBF', 'SLM', 'TDM', 'T4L', 'T61', 'UDD', 'UE1', 'UJM', 'UMN', 'UPG', 'UQ3', 'UST', 'UVB', 'U2K', 'U77', 'U80', 'VRG', 'VRH', 'VRJ', 'VRK', 'VRL', 'VRM', 'VRN', 'VRR', 'VT7', 'VV4', 'VY7', 'V8D', 'WMK', 'WRS', 'XL8', '0ST', '1LT', '1NF', '1SZ', '2NF', '2ST', '4AA', '5A7', '6X1', '7X1', '8DX', '9DX', '9L3']}","['AKQ', 'AL0', 'AM7', 'ATH', 'AT8', 'AV3', 'AXJ', 'AYG', 'A50', 'BTV', 'B34', 'C68', 'DCP', 'DG7', 'D31', 'D80', 'EF7', 'FE2', 'FE9', 'FJW', 'GBA', 'HRE', 'H1T', 'IOR', 'I19', 'JL9', 'J71', 'KB7', 'KRV', 'LAL', 'LGX', 'MAH', 'MX0', 'M5T', 'M97', 'NE8', 'NP5', 'NTB', 'NV9', 'N10', 'RQ9', 'R29', 'R8J', 'R9N', 'SBF', 'SLM', 'TDM', 'T4L', 'T61', 'UDD', 'UE1', 'UJM', 'UMN', 'UPG', 'UQ3', 'UST', 'UVB', 'U2K', 'U77', 'U80', 'VRG', 'VRH', 'VRJ', 'VRK', 'VRL', 'VRM', 'VRN', 'VRR', 'VT7', 'VV4', 'VY7', 'V8D', 'WMK', 'WRS', 'XL8', '0ST', '1LT', '1NF', '1SZ', '2NF', '2ST', '4AA', '5A7', '6X1', '7X1', '8DX', '9DX', '9L3']"
1G1FB1RX5K0115568,2019,CAMARO,COUPE,1LT,"2.0L Turbo, 4-cylinder, SIDI, VVT",A8,RWD,SILVER ICE METALLIC,29480,SOUTH CHARLOTTE CHEVROLET,"CHARLOTTE, NC 28273-6943",WKGG7X,"{'maker': 'CHEVY', 'model_year': '2019', 'mmc_code': '1AG37', 'vin': '1G1FB1RX5K0115568', 'sitedealer_code': '16414', 'sell_source': '13', 'order_number': 'WKGG7X', 'creation_date': '12/12/2019', 'Options': ['AKQ', 'AL0', 'AM7', 'ATH', 'AT8', 'AV3', 'AXJ', 'AYG', 'A50', 'BTV', 'B34', 'C68', 'DCP', 'DG7', 'D31', 'EF7', 'FE2', 'FE9', 'FJW', 'GAN', 'GW6', 'H1T', 'IOS', 'I19', 'JL9', 'J71', 'KB7', 'KRV', 'KTI', 'LAL', 'LTG', 'MAH', 'MCR', 'MX0', 'M5T', 'M97', 'NE8', 'NKC', 'NKE', 'NP5', 'NTB', 'NV9', 'N10', 'REG', 'R0H', 'R7E', 'R8J', 'R9N', 'SBF', 'SFE', 'SLM', 'TDM', 'T4L', 'T61', 'UDD', 'UE1', 'UJM', 'UMN', 'UPG', 'UQA', 'UVB', 'U2K', 'U77', 'U80', 'VAV', 'VK3', 'VRG', 'VRH', 'VRJ', 'VRK', 'VRL', 'VRM', 'VRN', 'VRR', 'VRV', 'VT7', 'VV4', 'VY7', 'V8D', 'WMK', 'XL8', 'YM8', 'Y3W', '0ST', '1LT', '1NF', '1SZ', '2NF', '2ST', '4AA', '5A7', '6X1', '7X1', '8DX', '9DX', '9L3']}","['AKQ', 'AL0', 'AM7', 'ATH', 'AT8', 'AV3', 'AXJ', 'AYG', 'A50', 'BTV', 'B34', 'C68', 'DCP', 'DG7', 'D31', 'EF7', 'FE2', 'FE9', 'FJW', 'GAN', 'GW6', 'H1T', 'IOS', 'I19', 'JL9', 'J71', 'KB7', 'KRV', 'KTI', 'LAL', 'LTG', 'MAH', 'MCR', 'MX0', 'M5T', 'M97', 'NE8', 'NKC', 'NKE', 'NP5', 'NTB', 'NV9', 'N10', 'REG', 'R0H', 'R7E', 'R8J', 'R9N', 'SBF', 'SFE', 'SLM', 'TDM', 'T4L', 'T61', 'UDD', 'UE1', 'UJM', 'UMN', 'UPG', 'UQA', 'UVB', 'U2K', 'U77', 'U80', 'VAV', 'VK3', 'VRG', 'VRH', 'VRJ', 'VRK', 'VRL', 'VRM', 'VRN', 'VRR', 'VRV', 'VT7', 'VV4', 'VY7', 'V8D', 'WMK', 'XL8', 'YM8', 'Y3W', '0ST', '1LT', '1NF', '1SZ', '2NF', '2ST', '4AA', '5A7', '6X1', '7X1', '8DX', '9DX', '9L3']"
1G1FB1RS0K0136347,2019,CAMARO,COUPE,1LT,"3.6L V6, DI, VVT",A8,RWD,RIVERSIDE BLUE METALLIC,31585,BAYWAY CHEVROLET,"PEARLAND, TX 77581-7899",WQNBKV,"{'maker': 'CHEVY', 'model_year': '2019', 'mmc_code': '1AG37', 'vin': '1G1FB1RS0K0136347', 'sitedealer_code': '30666', 'sell_source': '13', 'order_number': 'WQNBKV', 'creation_date': '2/24/2020', 'Options': ['AKQ', 'AL0', 'AM7', 'ATH', 'AT8', 'AV3', 'AXJ', 'AYG', 'A50', 'BTV', 'B34', 'C68', 'DCP', 'DG7', 'D31', 'D80', 'EF7', 'FE2', 'FE9', 'FJW', 'GKK', 'HRE', 'H1T', 'IOR', 'I19', 'JL9', 'J71', 'KB7', 'KRV', 'LAL', 'LGX', 'MAH', 'MX0', 'M5T', 'M97', 'NE8', 'NP5', 'NTB', 'NV9', 'N10', 'RQ9', 'R29', 'R8J', 'R9N', 'SBF', 'SLM', 'TDM', 'T4L', 'T61', 'UDD', 'UE1', 'UJM', 'UMN', 'UPG', 'UQ3', 'UST', 'UVB', 'U2K', 'U77', 'U80', 'VK3', 'VRG', 'VRH', 'VRJ', 'VRK', 'VRL', 'VRM', 'VRN', 'VRR', 'VT7', 'VV4', 'VYW', 'VY7', 'V8D', 'WMK', 'WRS', 'XL8', 'YM8', '0ST', '1LT', '1NF', '1SZ', '2NF', '2ST', '4AA', '5A7', '6X1', '7X1', '8DX', '9DX', '9L3']}","['AKQ', 'AL0', 'AM7', 'ATH', 'AT8', 'AV3', 'AXJ', 'AYG', 'A50', 'BTV', 'B34', 'C68', 'DCP', 'DG7', 'D31', 'D80', 'EF7', 'FE2', 'FE9', 'FJW', 'GKK', 'HRE', 'H1T', 'IOR', 'I19', 'JL9', 'J71', 'KB7', 'KRV', 'LAL', 'LGX', 'MAH', 'MX0', 'M5T', 'M97', 'NE8', 'NP5', 'NTB', 'NV9', 'N10', 'RQ9', 'R29', 'R8J', 'R9N', 'SBF', 'SLM', 'TDM', 'T4L', 'T61', 'UDD', 'UE1', 'UJM', 'UMN', 'UPG', 'UQ3', 'UST', 'UVB', 'U2K', 'U77', 'U80', 'VK3', 'VRG', 'VRH', 'VRJ', 'VRK', 'VRL', 'VRM', 'VRN', 'VRR', 'VT7', 'VV4', 'VYW', 'VY7', 'V8D', 'WMK', 'WRS', 'XL8', 'YM8', '0ST', '1LT', '1NF', '1SZ', '2NF', '2ST', '4AA', '5A7', '6X1', '7X1', '8DX', '9DX', '9L3']"
1G1FB1RXXK0120460,2019,CAMARO,COUPE,1LT,"2.0L Turbo, 4-cylinder, SIDI, VVT",A8,RWD,BLACK,27990,MARTHALER CHEVROLET BUICK OF MINOCQ,"MINOCQUA, WI 54548-0015",WMJSW4,"{'maker': 'CHEVY', 'model_year': '2019', 'mmc_code': '1AG37', 'vin': '1G1FB1RXXK0120460', 'sitedealer_code': '18598', 'sell_source': '13', 'order_number': 'WMJSW4', 'creation_date': '5/23/2020', 'Options': ['AKQ', 'AL0', 'AM7', 'ATH', 'AT8', 'AV3', 'AXJ', 'AYG', 'A50', 'BTV', 'B34', 'C68', 'DCP', 'DG7', 'D31', 'EF7', 'FE2', 'FE9', 'FJW', 'GBA', 'GW6', 'H1T', 'IOR', 'I19', 'JL9', 'J71', 'KB7', 'KRV', 'KTI', 'LAL', 'LTG', 'MAH', 'MX0', 'M5T', 'M97', 'NE8', 'NKC', 'NP5', 'NTB', 'NV9', 'N10', 'REG', 'R0H', 'R8J', 'R9N', 'SBF', 'SLM', 'TDM', 'T4L', 'T61', 'UDD', 'UE1', 'UJM', 'UMN', 'UPG', 'UQ3', 'UST', 'UVB', 'U2K', 'U77', 'U80', 'VK3', 'VRG', 'VRH', 'VRJ', 'VRK', 'VRL', 'VRM', 'VRN', 'VRR', 'VT7', 'VV4', 'VY7', 'V8D', 'WMK', 'XL8', '0ST', '1LT', '1NF', '1SZ', '2NF', '2ST', '4AA', '5A7', '6X1', '7X1', '8DX', '9DX', '9L3']}","['AKQ', 'AL0', 'AM7', 'ATH', 'AT8', 'AV3', 'AXJ', 'AYG', 'A50', 'BTV', 'B34', 'C68', 'DCP', 'DG7', 'D31', 'EF7', 'FE2', 'FE9', 'FJW', 'GBA', 'GW6', 'H1T', 'IOR', 'I19', 'JL9', 'J71', 'KB7', 'KRV', 'KTI', 'LAL', 'LTG', 'MAH', 'MX0', 'M5T', 'M97', 'NE8', 'NKC', 'NP5', 'NTB', 'NV9', 'N10', 'REG', 'R0H', 'R8J', 'R9N', 'SBF', 'SLM', 'TDM', 'T4L', 'T61', 'UDD', 'UE1', 'UJM', 'UMN', 'UPG', 'UQ3', 'UST', 'UVB', 'U2K', 'U77', 'U80', 'VK3', 'VRG', 'VRH', 'VRJ', 'VRK', 'VRL', 'VRM', 'VRN', 'VRR', 'VT7', 'VV4', 'VY7', 'V8D', 'WMK', 'XL8', '0ST', '1LT', '1NF', '1SZ', '2NF', '2ST', '4AA', '5A7', '6X1', '7X1', '8DX', '9DX', '9L3']"
1G1FB1RXXK0120751,2019,CAMARO,COUPE,1LS,"2.0L Turbo, 4-cylinder, SIDI, VVT",A8,RWD,GARNET RED TINTCOAT,27980,HALEY CHEVROLET BUICK,"FARMVILLE, VA 23901-2563",WMQGFG,"{'maker': 'CHEVY', 'model_year': '2019', 'mmc_code': '1AG37', 'vin': '1G1FB1RXXK0120751', 'sitedealer_code': '14303', 'sell_source': '13', 'order_number': 'WMQGFG', 'creation_date': '6/21/2019', 'Options': ['AAQ', 'AL0', 'AM7', 'ATH', 'AT8', 'AV3', 'AXJ', 'AYG', 'A50', 'BTV', 'B34', 'C68', 'DCP', 'DG7', 'D31', 'EF7', 'FE2', 'FE9', 'FJW', 'GW6', 'G7E', 'H72', 'IOR', 'I19', 'JL9', 'J71', 'KB7', 'KRV', 'KTI', 'LAL', 'LTG', 'MAH', 'MX0', 'M5T', 'M97', 'NE8', 'NKC', 'NP5', 'NTB', 'NV9', 'N10', 'R0H', 'R8J', 'R9N', 'SBF', 'SFE', 'SGE', 'SLM', 'TDM', 'T4L', 'T61', 'UDD', 'UE1', 'UJM', 'UMN', 'UPG', 'UQ3', 'UST', 'UVB', 'U77', 'U80', 'VK3', 'VRG', 'VRH', 'VRJ', 'VRK', 'VRL', 'VRM', 'VRN', 'VRR', 'VT7', 'VV4', 'VY7', 'V8D', 'WMK', 'XL8', 'YM8', '0ST', '1LS', '1NF', '1SZ', '2NF', '2ST', '4F7', '5A7', '6X1', '7X1', '8DX', '9DX', '9L3']}","['AAQ', 'AL0', 'AM7', 'ATH', 'AT8', 'AV3', 'AXJ', 'AYG', 'A50', 'BTV', 'B34', 'C68', 'DCP', 'DG7', 'D31', 'EF7', 'FE2', 'FE9', 'FJW', 'GW6', 'G7E', 'H72', 'IOR', 'I19', 'JL9', 'J71', 'KB7', 'KRV', 'KTI', 'LAL', 'LTG', 'MAH', 'MX0', 'M5T', 'M97', 'NE8', 'NKC', 'NP5', 'NTB', 'NV9', 'N10', 'R0H', 'R8J', 'R9N', 'SBF', 'SFE', 'SGE', 'SLM', 'TDM', 'T4L', 'T61', 'UDD', 'UE1', 'UJM', 'UMN', 'UPG', 'UQ3', 'UST', 'UVB', 'U77', 'U80', 'VK3', 'VRG', 'VRH', 'VRJ', 'VRK', 'VRL', 'VRM', 'VRN', 'VRR', 'VT7', 'VV4', 'VY7', 'V8D', 'WMK', 'XL8', 'YM8', '0ST', '1LS', '1NF', '1SZ', '2NF', '2ST', '4F7', '5A7', '6X1', '7X1', '8DX', '9DX', '9L3']"
1G1FB1RS9K0138727,2019,CAMARO,COUPE,1LT,"3.6L V6, DI, VVT",A8,RWD,SHADOW GRAY METALLIC,31185,RICK HENDRICK CHEVROLET,"DULUTH, GA 30096-9094",WQNJXB,"{'maker': 'CHEVY', 'model_year': '2019', 'mmc_code': '1AG37', 'vin': '1G1FB1RS9K0138727', 'sitedealer_code': '08623', 'sell_source': '13', 'order_number': 'WQNJXB', 'creation_date': '3/20/2020', 'Options': ['AKQ', 'AL0', 'AM7', 'ATH', 'AT8', 'AV3', 'AXJ', 'AYG', 'A50', 'BTV', 'B34', 'C68', 'DCP', 'DG7', 'D31', 'EF7', 'FE2', 'FE9', 'FJW', 'GJI', 'HRE', 'H1T', 'IOS', 'I19', 'JL9', 'J71', 'KB7', 'KRV', 'LAL', 'LGX', 'MAH', 'MCR', 'MX0', 'M5T', 'M97', 'NE8', 'NP5', 'NTB', 'NV9', 'N10', 'RTH', 'R29', 'R8J', 'R9N', 'SBF', 'SLM', 'TDM', 'T4L', 'T61', 'UDD', 'UE1', 'UJM', 'UMN', 'UPG', 'UQA', 'UVB', 'U2K', 'U77', 'U80', 'VRG', 'VRH', 'VRJ', 'VRK', 'VRL', 'VRM', 'VRN', 'VRR', 'VT7', 'VV4', 'VY7', 'V8D', 'WMK', 'XL8', 'Y3W', '0ST', '1LT', '1NF', '1SZ', '2NF', '2ST', '4AA', '5A7', '6X1', '7X1', '8DX', '9DX', '9L3']}","['AKQ', 'AL0', 'AM7', 'ATH', 'AT8', 'AV3', 'AXJ', 'AYG', 'A50', 'BTV', 'B34', 'C68', 'DCP', 'DG7', 'D31', 'EF7', 'FE2', 'FE9', 'FJW', 'GJI', 'HRE', 'H1T', 'IOS', 'I19', 'JL9', 'J71', 'KB7', 'KRV', 'LAL', 'LGX', 'MAH', 'MCR', 'MX0', 'M5T', 'M97', 'NE8', 'NP5', 'NTB', 'NV9', 'N10', 'RTH', 'R29', 'R8J', 'R9N', 'SBF', 'SLM', 'TDM', 'T4L', 'T61', 'UDD', 'UE1', 'UJM', 'UMN', 'UPG', 'UQA', 'UVB', 'U2K', 'U77', 'U80', 'VRG', 'VRH', 'VRJ', 'VRK', 'VRL', 'VRM', 'VRN', 'VRR', 'VT7', 'VV4', 'VY7', 'V8D', 'WMK', 'XL8', 'Y3W', '0ST', '1LT', '1NF', '1SZ', '2NF', '2ST', '4AA', '5A7', '6X1', '7X1', '8DX', '9DX', '9L3']"
1G1FB1RSXK0139515,2019,CAMARO,COUPE,1LT,"3.6L V6, DI, VVT",A8,RWD,SATIN STEEL GREY METALLIC,33680,HEDRICK'S CHEVROLET,"CLOVIS, CA 93613-0038",WSBT2T,"{'maker': 'CHEVY', 'model_year': '2019', 'mmc_code': '1AG37', 'vin': '1G1FB1RSXK0139515', 'sitedealer_code': '06259', 'sell_source': '13', 'order_number': 'WSBT2T', 'creation_date': '12/19/2019', 'Options': ['AKQ', 'AL0', 'AM7', 'ATH', 'AT8', 'AV3', 'AXJ', 'AYG', 'A50', 'A9B', 'BTV', 'B34', 'C68', 'DCP', 'DG7', 'D31', 'D80', 'EF7', 'FE2', 'FJW', 'G9K', 'HRE', 'H1T', 'IOR', 'I19', 'JL9', 'J71', 'KB7', 'KRV', 'LAL', 'LGX', 'MAH', 'MX0', 'M5T', 'M97', 'NE8', 'NPP', 'NP5', 'NUB', 'NV9', 'RTH', 'R29', 'R8J', 'R9N', 'SBF', 'SB9', 'SFE', 'SFZ', 'SLM', 'TDM', 'T4L', 'T61', 'UDD', 'UE1', 'UJM', 'UMN', 'UPG', 'UQ3', 'UST', 'UVB', 'U2K', 'U77', 'U80', 'VK3', 'VRG', 'VRH', 'VRJ', 'VRK', 'VRL', 'VRM', 'VRN', 'VRR', 'VT7', 'VV4', 'VY7', 'V8D', 'WMK', 'WRS', 'W2D', 'XL8', 'YF5', 'YM8', '0ST', '1LT', '1NF', '1SZ', '2NF', '2ST', '4AA', '5A7', '6X1', '7X1', '8DX', '9DX', '9L3']}","['AKQ', 'AL0', 'AM7', 'ATH', 'AT8', 'AV3', 'AXJ', 'AYG', 'A50', 'A9B', 'BTV', 'B34', 'C68', 'DCP', 'DG7', 'D31', 'D80', 'EF7', 'FE2', 'FJW', 'G9K', 'HRE', 'H1T', 'IOR', 'I19', 'JL9', 'J71', 'KB7', 'KRV', 'LAL', 'LGX', 'MAH', 'MX0', 'M5T', 'M97', 'NE8', 'NPP', 'NP5', 'NUB', 'NV9', 'RTH', 'R29', 'R8J', 'R9N', 'SBF', 'SB9', 'SFE', 'SFZ', 'SLM', 'TDM', 'T4L', 'T61', 'UDD', 'UE1', 'UJM', 'UMN', 'UPG', 'UQ3', 'UST', 'UVB', 'U2K', 'U77', 'U80', 'VK3', 'VRG', 'VRH', 'VRJ', 'VRK', 'VRL', 'VRM', 'VRN', 'VRR', 'VT7', 'VV4', 'VY7', 'V8D', 'WMK', 'WRS', 'W2D', 'XL8', 'YF5', 'YM8', '0ST', '1LT', '1NF', '1SZ', '2NF', '2ST', '4AA', '5A7', '6X1', '7X1', '8DX', '9DX', '9L3']"
1G1FB1RX2K0124471,2019,CAMARO,COUPE,1LS,"2.0L Turbo, 4-cylinder, SIDI, VVT",A8,RWD,SUMMIT WHITE,27555,HENDRICK CHEVROLET,"HOOVER, AL 35216-4977",WNPT44,"{'maker': 'CHEVY', 'model_year': '2019', 'mmc_code': '1AG37', 'vin': '1G1FB1RX2K0124471', 'sitedealer_code': '08326', 'sell_source': '13', 'order_number': 'WNPT44', 'creation_date': '5/22/2019', 'Options': ['AAQ', 'AL0', 'AM7', 'ATH', 'AT8', 'AV3', 'AXJ', 'AYG', 'A50', 'BTV', 'B34', 'C68', 'DCP', 'DG7', 'D31', 'EF7', 'FE2', 'FE9', 'FJW', 'GAZ', 'GW6', 'H1T', 'IOR', 'I19', 'JL9', 'J71', 'KB7', 'KRV', 'KTI', 'LAL', 'LTG', 'MAH', 'MX0', 'M5T', 'M97', 'NE8', 'NKC', 'NP5', 'NTB', 'NV9', 'N10', 'R0H', 'R8J', 'R9N', 'SBF', 'SGE', 'SLM', 'TDM', 'T4L', 'T61', 'UDD', 'UE1', 'UJM', 'UMN', 'UPG', 'UQ3', 'UST', 'UVB', 'U77', 'U80', 'VRG', 'VRH', 'VRJ', 'VRK', 'VRL', 'VRM', 'VRN', 'VRR', 'VT7', 'VV4', 'VY7', 'V8D', 'WMK', 'W2D', 'XL8', 'YM8', '0ST', '1LS', '1NF', '1SZ', '2NF', '2ST', '4AA', '5A7', '6X1', '7X1', '8DX', '9DX', '9L3']}","['AAQ', 'AL0', 'AM7', 'ATH', 'AT8', 'AV3', 'AXJ', 'AYG', 'A50', 'BTV', 'B34', 'C68', 'DCP', 'DG7', 'D31', 'EF7', 'FE2', 'FE9', 'FJW', 'GAZ', 'GW6', 'H1T', 'IOR', 'I19', 'JL9', 'J71', 'KB7', 'KRV', 'KTI', 'LAL', 'LTG', 'MAH', 'MX0', 'M5T', 'M97', 'NE8', 'NKC', 'NP5', 'NTB', 'NV9', 'N10', 'R0H', 'R8J', 'R9N', 'SBF', 'SGE', 'SLM', 'TDM', 'T4L', 'T61', 'UDD', 'UE1', 'UJM', 'UMN', 'UPG', 'UQ3', 'UST', 'UVB', 'U77', 'U80', 'VRG', 'VRH', 'VRJ', 'VRK', 'VRL', 'VRM', 'VRN', 'VRR', 'VT7', 'VV4', 'VY7', 'V8D', 'WMK', 'W2D', 'XL8', 'YM8', '0ST', '1LS', '1NF', '1SZ', '2NF', '2ST', '4AA', '5A7', '6X1', '7X1', '8DX', '9DX', '9L3']"
1G1FB1RX5K0125288,2019,CAMARO,COUPE,1LT,"2.0L Turbo, 4-cylinder, SIDI, VVT",A8,RWD,SUMMIT WHITE,31235,COX CHEVROLET INCORPORATED,"BRADENTON, FL 34207-1136",WMWDNT,"{'maker': 'CHEVY', 'model_year': '2019', 'mmc_code': '1AG37', 'vin': '1G1FB1RX5K0125288', 'sitedealer_code': '26120', 'sell_source': '13', 'order_number': 'WMWDNT', 'creation_date': '5/28/2019', 'Options': ['AKQ', 'AL0', 'AM7', 'ATH', 'AT8', 'AV3', 'AXJ', 'AYG', 'A50', 'BTV', 'B34', 'C68', 'DCP', 'DG7', 'D31', 'D80', 'EF7', 'FE2', 'FE9', 'FJW', 'GAZ', 'GW6', 'H1T', 'IOS', 'I19', 'JL9', 'J71', 'KB7', 'KRV', 'LAL', 'LTG', 'MAH', 'MCR', 'MX0', 'M5T', 'M97', 'NE8', 'NKC', 'NKE', 'NP5', 'NTB', 'NV9', 'N10', 'RQ9', 'R29', 'R8J', 'R9N', 'SBF', 'SLM', 'TDM', 'T4L', 'T61', 'UDD', 'UE1', 'UJM', 'UMN', 'UPG', 'UQA', 'UVB', 'U2K', 'U77', 'U80', 'VRG', 'VRH', 'VRJ', 'VRK', 'VRL', 'VRM', 'VRN', 'VRR', 'VT7', 'VV4', 'VY7', 'V8D', 'WMK', 'WRS', 'XL8', 'YM8', 'Y3W', '0ST', '1LT', '1NF', '1SZ', '2NF', '2ST', '4AA', '5A7', '5KP', '6X1', '7X1', '8DX', '9DX', '9L3']}","['AKQ', 'AL0', 'AM7', 'ATH', 'AT8', 'AV3', 'AXJ', 'AYG', 'A50', 'BTV', 'B34', 'C68', 'DCP', 'DG7', 'D31', 'D80', 'EF7', 'FE2', 'FE9', 'FJW', 'GAZ', 'GW6', 'H1T', 'IOS', 'I19', 'JL9', 'J71', 'KB7', 'KRV', 'LAL', 'LTG', 'MAH', 'MCR', 'MX0', 'M5T', 'M97', 'NE8', 'NKC', 'NKE', 'NP5', 'NTB', 'NV9', 'N10', 'RQ9', 'R29', 'R8J', 'R9N', 'SBF', 'SLM', 'TDM', 'T4L', 'T61', 'UDD', 'UE1', 'UJM', 'UMN', 'UPG', 'UQA', 'UVB', 'U2K', 'U77', 'U80', 'VRG', 'VRH', 'VRJ', 'VRK', 'VRL', 'VRM', 'VRN', 'VRR', 'VT7', 'VV4', 'VY7', 'V8D', 'WMK', 'WRS', 'XL8', 'YM8', 'Y3W', '0ST', '1LT', '1NF', '1SZ', '2NF', '2ST', '4AA', '5A7', '5KP', '6X1', '7X1', '8DX', '9DX', '9L3']"
1G1FB1RX3K0128092,2019,CAMARO,COUPE,1LT,"2.0L Turbo, 4-cylinder, SIDI, VVT",A8,RWD,SHADOW GRAY METALLIC,32180,SUNNYSIDE CHEVROLET,"ELYRIA, OH 44035-6306",WPRJ88,"{'maker': 'CHEVY', 'model_year': '2019', 'mmc_code': '1AG37', 'vin': '1G1FB1RX3K0128092', 'sitedealer_code': '48593', 'sell_source': '13', 'order_number': 'WPRJ88', 'creation_date': '6/11/2019', 'Options': ['AKQ', 'AL0', 'AM7', 'ATH', 'AT8', 'AV3', 'AXJ', 'AYG', 'A50', 'BTV', 'B34', 'CF5', 'C68', 'DCP', 'DG7', 'D31', 'EF7', 'FE2', 'FE9', 'FJW', 'GJI', 'GW6', 'H1T', 'IOR', 'I19', 'JL9', 'J71', 'KB7', 'KRV', 'KTI', 'LAL', 'LTG', 'MAH', 'MX0', 'M5T', 'M97', 'NE8', 'NKC', 'NP5', 'NTB', 'NV9', 'N10', 'REG', 'R0H', 'R8J', 'R9N', 'SBF', 'SHL', 'SLM', 'TDM', 'T4L', 'T61', 'UDD', 'UE1', 'UJM', 'UMN', 'UPG', 'UQ3', 'UST', 'UVB', 'U2K', 'U77', 'U80', 'VK3', 'VRG', 'VRH', 'VRJ', 'VRK', 'VRL', 'VRM', 'VRN', 'VRR', 'VT7', 'VV4', 'VY7', 'V8D', 'WMK', 'XL8', 'YM8', '0ST', '1LT', '1NF', '1SZ', '2NF', '2ST', '4AA', '5A7', '6X1', '7X1', '8DX', '9DX', '9L3']}","['AKQ', 'AL0', 'AM7', 'ATH', 'AT8', 'AV3', 'AXJ', 'AYG', 'A50', 'BTV', 'B34', 'CF5', 'C68', 'DCP', 'DG7', 'D31', 'EF7', 'FE2', 'FE9', 'FJW', 'GJI', 'GW6', 'H1T', 'IOR', 'I19', 'JL9', 'J71', 'KB7', 'KRV', 'KTI', 'LAL', 'LTG', 'MAH', 'MX0', 'M5T', 'M97', 'NE8', 'NKC', 'NP5', 'NTB', 'NV9', 'N10', 'REG', 'R0H', 'R8J', 'R9N', 'SBF', 'SHL', 'SLM', 'TDM', 'T4L', 'T61', 'UDD', 'UE1', 'UJM', 'UMN', 'UPG', 'UQ3', 'UST', 'UVB', 'U2K', 'U77', 'U80', 'VK3', 'VRG', 'VRH', 'VRJ', 'VRK', 'VRL', 'VRM', 'VRN', 'VRR', 'VT7', 'VV4', 'VY7', 'V8D', 'WMK', 'XL8', 'YM8', '0ST', '1LT', '1NF', '1SZ', '2NF', '2ST', '4AA', '5A7', '6X1', '7X1', '8DX', '9DX', '9L3']"
1G1FB1RX3K0129405,2019,CAMARO,COUPE,1LS,"2.0L Turbo, 4-cylinder, SIDI, VVT",A8,RWD,RED HOT,27490,"DON WOOD AUTOMOTIVE, LTD.","LOGAN, OH 43138-8564",WMZT9J,"{'maker': 'CHEVY', 'model_year': '2019', 'mmc_code': '1AG37', 'vin': '1G1FB1RX3K0129405', 'sitedealer_code': '09264', 'sell_source': '13', 'order_number': 'WMZT9J', 'creation_date': '6/13/2020', 'Options': ['AAQ', 'AL0', 'AM7', 'ATH', 'AT8', 'AV3', 'AXJ', 'AYG', 'A50', 'BTV', 'B34', 'C68', 'DCP', 'DG7', 'D31', 'EF7', 'FE2', 'FE9', 'FJW', 'GW6', 'G7C', 'H1T', 'IOR', 'I19', 'JL9', 'J71', 'KB7', 'KRV', 'KTI', 'LAL', 'LTG', 'MAH', 'MX0', 'M5T', 'M97', 'NE8', 'NKC', 'NP5', 'NTB', 'NV9', 'N10', 'R0H', 'R8J', 'R9N', 'SBF', 'SGE', 'SLM', 'TDM', 'T4L', 'T61', 'UDD', 'UE1', 'UJM', 'UMN', 'UPG', 'UQ3', 'UST', 'UVB', 'U77', 'U80', 'VK3', 'VRG', 'VRH', 'VRJ', 'VRK', 'VRL', 'VRM', 'VRN', 'VRR', 'VT7', 'VV4', 'VY7', 'V8D', 'WMK', 'XL8', '0ST', '1LS', '1NF', '1SZ', '2NF', '2ST', '4AA', '5A7', '6X1', '7X1', '8DX', '9DX', '9L3']}","['AAQ', 'AL0', 'AM7', 'ATH', 'AT8', 'AV3', 'AXJ', 'AYG', 'A50', 'BTV', 'B34', 'C68', 'DCP', 'DG7', 'D31', 'EF7', 'FE2', 'FE9', 'FJW', 'GW6', 'G7C', 'H1T', 'IOR', 'I19', 'JL9', 'J71', 'KB7', 'KRV', 'KTI', 'LAL', 'LTG', 'MAH', 'MX0', 'M5T', 'M97', 'NE8', 'NKC', 'NP5', 'NTB', 'NV9', 'N10', 'R0H', 'R8J', 'R9N', 'SBF', 'SGE', 'SLM', 'TDM', 'T4L', 'T61', 'UDD', 'UE1', 'UJM', 'UMN', 'UPG', 'UQ3', 'UST', 'UVB', 'U77', 'U80', 'VK3', 'VRG', 'VRH', 'VRJ', 'VRK', 'VRL', 'VRM', 'VRN', 'VRR', 'VT7', 'VV4', 'VY7', 'V8D', 'WMK', 'XL8', '0ST', '1LS', '1NF', '1SZ', '2NF', '2ST', '4AA', '5A7', '6X1', '7X1', '8DX', '9DX', '9L3']"
1G1FB1RX1K0134862,2019,CAMARO,COUPE,1LT,"2.0L Turbo, 4-cylinder, SIDI, VVT",A8,RWD,SUMMIT WHITE,31490,SEACOAST CHEVROLET,"OCEAN, NJ 07712-3912",WPWXSV,"{'maker': 'CHEVY', 'model_year': '2019', 'mmc_code': '1AG37', 'vin': '1G1FB1RX1K0134862', 'sitedealer_code': '02020', 'sell_source': '13', 'order_number': 'WPWXSV', 'creation_date': '9/13/2019', 'Options': ['AKQ', 'AL0', 'AM7', 'ATH', 'AT8', 'AV3', 'AXJ', 'AYG', 'A50', 'BTV', 'B34', 'C68', 'DCP', 'DG7', 'D31', 'D80', 'EF7', 'FE2', 'FJW', 'GAZ', 'GW6', 'H72', 'IOS', 'I19', 'JL9', 'J71', 'KB7', 'KRV', 'LAL', 'LTG', 'MAH', 'MCR', 'MX0', 'M5T', 'M97', 'NE1', 'NE8', 'NKC', 'NKE', 'NP5', 'NUB', 'NV9', 'N10', 'RTH', 'R29', 'R6M', 'R8J', 'R9N', 'SBF', 'SLM', 'TDM', 'T4L', 'T61', 'UDD', 'UE1', 'UJM', 'UMN', 'UPG', 'UQA', 'UVB', 'U2K', 'U77', 'U80', 'VAV', 'VK3', 'VLI', 'VQG', 'VRG', 'VRH', 'VRJ', 'VRK', 'VRL', 'VRM', 'VRN', 'VRR', 'VRV', 'VT7', 'VV4', 'VY7', 'V8D', 'WMK', 'WRS', 'XL8', 'YM8', 'Y3W', '0ST', '1LT', '1NF', '1SZ', '2NF', '2ST', '4F7', '5A7', '6X1', '7X1', '8DX', '9DX', '9L3']}","['AKQ', 'AL0', 'AM7', 'ATH', 'AT8', 'AV3', 'AXJ', 'AYG', 'A50', 'BTV', 'B34', 'C68', 'DCP', 'DG7', 'D31', 'D80', 'EF7', 'FE2', 'FJW', 'GAZ', 'GW6', 'H72', 'IOS', 'I19', 'JL9', 'J71', 'KB7', 'KRV', 'LAL', 'LTG', 'MAH', 'MCR', 'MX0', 'M5T', 'M97', 'NE1', 'NE8', 'NKC', 'NKE', 'NP5', 'NUB', 'NV9', 'N10', 'RTH', 'R29', 'R6M', 'R8J', 'R9N', 'SBF', 'SLM', 'TDM', 'T4L', 'T61', 'UDD', 'UE1', 'UJM', 'UMN', 'UPG', 'UQA', 'UVB', 'U2K', 'U77', 'U80', 'VAV', 'VK3', 'VLI', 'VQG', 'VRG', 'VRH', 'VRJ', 'VRK', 'VRL', 'VRM', 'VRN', 'VRR', 'VRV', 'VT7', 'VV4', 'VY7', 'V8D', 'WMK', 'WRS', 'XL8', 'YM8', 'Y3W', '0ST', '1LT', '1NF', '1SZ', '2NF', '2ST', '4F7', '5A7', '6X1', '7X1', '8DX', '9DX', '9L3']"
1G1FH1R72K0120127,2019,CAMARO,COUPE,2SS,6.2L (376 ci) V8 DI,A10,RWD,RIVERSIDE BLUE METALLIC,47425,STINNETT CHEVROLET BUICK INC.,"NEWPORT, TN 37822-0547",WGQRM0,"{'maker': 'CHEVY', 'model_year': '2019', 'mmc_code': '1AK37', 'vin': '1G1FH1R72K0120127', 'sitedealer_code': '09474', 'sell_source': '13', 'order_number': 'WGQRM0', 'creation_date': '11/8/2019', 'Options': ['AKQ', 'AL0', 'AM7', 'ATH', 'AT8', 'AV3', 'AXJ', 'AYG', 'A45', 'A50', 'BTV', 'B34', 'B7G', 'CF5', 'CJ2', 'C70', 'DCP', 'DD1', 'DRZ', 'D5Z', 'EF7', 'FE3', 'FE9', 'FJW', 'GKK', 'G80', 'HRE', 'H0Y', 'IOT', 'I19', 'J6G', 'J77', 'KA1', 'KB7', 'KC4', 'KD1', 'KNR', 'KQV', 'KRV', 'LAL', 'LT1', 'MAH', 'MCR', 'MF6', 'MX0', 'M97', 'NE8', 'NKC', 'NPP', 'NP5', 'NTB', 'NV9', 'R0F', 'R8J', 'R9N', 'SBF', 'SLM', 'TDM', 'T3S', 'T4L', 'UD7', 'UEU', 'UE1', 'UFG', 'UHS', 'UJM', 'UKC', 'UMN', 'UPG', 'UQA', 'UVB', 'UVD', 'UV6', 'U2K', 'U77', 'U80', 'VLI', 'VRG', 'VRH', 'VRJ', 'VRK', 'VRL', 'VRM', 'VRN', 'VRR', 'VT7', 'VV4', 'VY7', 'V03', 'V18', 'V8D', 'WMK', 'XLC', 'XL8', 'YM8', '0ST', '1NF', '1SZ', '2NF', '2SS', '2ST', '4AA', '5A7', '56V', '6X1', '7X1', '8AA', '9AA', '9L3']}","['AKQ', 'AL0', 'AM7', 'ATH', 'AT8', 'AV3', 'AXJ', 'AYG', 'A45', 'A50', 'BTV', 'B34', 'B7G', 'CF5', 'CJ2', 'C70', 'DCP', 'DD1', 'DRZ', 'D5Z', 'EF7', 'FE3', 'FE9', 'FJW', 'GKK', 'G80', 'HRE', 'H0Y', 'IOT', 'I19', 'J6G', 'J77', 'KA1', 'KB7', 'KC4', 'KD1', 'KNR', 'KQV', 'KRV', 'LAL', 'LT1', 'MAH', 'MCR', 'MF6', 'MX0', 'M97', 'NE8', 'NKC', 'NPP', 'NP5', 'NTB', 'NV9', 'R0F', 'R8J', 'R9N', 'SBF', 'SLM', 'TDM', 'T3S', 'T4L', 'UD7', 'UEU', 'UE1', 'UFG', 'UHS', 'UJM', 'UKC', 'UMN', 'UPG', 'UQA', 'UVB', 'UVD', 'UV6', 'U2K', 'U77', 'U80', 'VLI', 'VRG', 'VRH', 'VRJ', 'VRK', 'VRL', 'VRM', 'VRN', 'VRR', 'VT7', 'VV4', 'VY7', 'V03', 'V18', 'V8D', 'WMK', 'XLC', 'XL8', 'YM8', '0ST', '1NF', '1SZ', '2NF', '2SS', '2ST', '4AA', '5A7', '56V', '6X1', '7X1', '8AA', '9AA', '9L3']"
1G1FH1R73K0120511,2019,CAMARO,COUPE,2SS,6.2L (376 ci) V8 DI,A10,RWD,RIVERSIDE BLUE METALLIC,45685,GENERAL MOTORS LLC,"DETROIT, MI 48265-1000",WKZQPX,"{'maker': 'CHEVY', 'model_year': '2019', 'mmc_code': '1AK37', 'vin': '1G1FH1R73K0120511', 'sitedealer_code': '31035', 'sell_source': '13', 'order_number': 'WKZQPX', 'creation_date': '3/19/2020', 'Options': ['AKQ', 'AL0', 'AM7', 'ATH', 'AT8', 'AV3', 'AXJ', 'AYG', 'A45', 'A50', 'BTV', 'B34', 'B7G', 'B8U', 'CJ2', 'C70', 'DCP', 'DD1', 'DRZ', 'D5Z', 'EF7', 'E2C', 'FE3', 'FE9', 'FJW', 'GKK', 'G80', 'HRE', 'H0Y', 'IOS', 'I19', 'J6G', 'J77', 'KA1', 'KB7', 'KC4', 'KD1', 'KNR', 'KQV', 'KRV', 'LAL', 'LT1', 'MAH', 'MCR', 'MF6', 'MX0', 'M97', 'NE8', 'NKC', 'NPP', 'NP5', 'NTB', 'NV9', 'R0F', 'R6F', 'R7V', 'R8J', 'R9N', 'R9Z', 'SBF', 'SLM', 'TDM', 'T3S', 'T4L', 'UD7', 'UEU', 'UE1', 'UFG', 'UHS', 'UJM', 'UKC', 'UMN', 'UPG', 'UQA', 'UVB', 'UVD', 'UV6', 'U2K', 'U77', 'U80', 'VK3', 'VRG', 'VRH', 'VRJ', 'VRK', 'VRL', 'VRM', 'VRN', 'VRR', 'VT7', 'VV4', 'VY7', 'V03', 'V18', 'V8D', 'WMK', 'XLC', 'XL8', '0ST', '1NF', '1SZ', '2NF', '2SS', '2ST', '4AA', '5A7', '56R', '6X1', '7X1', '8AA', '9AA', '9L3']}","['AKQ', 'AL0', 'AM7', 'ATH', 'AT8', 'AV3', 'AXJ', 'AYG', 'A45', 'A50', 'BTV', 'B34', 'B7G', 'B8U', 'CJ2', 'C70', 'DCP', 'DD1', 'DRZ', 'D5Z', 'EF7', 'E2C', 'FE3', 'FE9', 'FJW', 'GKK', 'G80', 'HRE', 'H0Y', 'IOS', 'I19', 'J6G', 'J77', 'KA1', 'KB7', 'KC4', 'KD1', 'KNR', 'KQV', 'KRV', 'LAL', 'LT1', 'MAH', 'MCR', 'MF6', 'MX0', 'M97', 'NE8', 'NKC', 'NPP', 'NP5', 'NTB', 'NV9', 'R0F', 'R6F', 'R7V', 'R8J', 'R9N', 'R9Z', 'SBF', 'SLM', 'TDM', 'T3S', 'T4L', 'UD7', 'UEU', 'UE1', 'UFG', 'UHS', 'UJM', 'UKC', 'UMN', 'UPG', 'UQA', 'UVB', 'UVD', 'UV6', 'U2K', 'U77', 'U80', 'VK3', 'VRG', 'VRH', 'VRJ', 'VRK', 'VRL', 'VRM', 'VRN', 'VRR', 'VT7', 'VV4', 'VY7', 'V03', 'V18', 'V8D', 'WMK', 'XLC', 'XL8', '0ST', '1NF', '1SZ', '2NF', '2SS', '2ST', '4AA', '5A7', '56R', '6X1', '7X1', '8AA', '9AA', '9L3']"
1G1FB1RX0K0136506,2019,CAMARO,COUPE,1LS,"2.0L Turbo, 4-cylinder, SIDI, VVT",A8,RWD,BLACK,27740,RICK HENDRICK CHEVROLET NAPLES,"NAPLES, FL 34108",WRGB32,"{'maker': 'CHEVY', 'model_year': '2019', 'mmc_code': '1AG37', 'vin': '1G1FB1RX0K0136506', 'sitedealer_code': '26495', 'sell_source': '13', 'order_number': 'WRGB32', 'creation_date': '5/17/2019', 'Options': ['AAQ', 'AL0', 'AM7', 'ATH', 'AT8', 'AV3', 'AXJ', 'AYG', 'A50', 'BTV', 'B34', 'C68', 'DCP', 'DG7', 'D31', 'EF7', 'FE2', 'FE9', 'FJW', 'GBA', 'GW6', 'H1T', 'IOR', 'I19', 'JL9', 'J71', 'KB7', 'KRV', 'KTI', 'LAL', 'LTG', 'MAH', 'MX0', 'M5T', 'M97', 'NE8', 'NKC', 'NP5', 'NTB', 'NV9', 'N10', 'RIK', 'R0H', 'R8J', 'R9N', 'SBF', 'SGE', 'SLM', 'TDM', 'T4L', 'T61', 'UDD', 'UE1', 'UJM', 'UMN', 'UPG', 'UQ3', 'UST', 'UVB', 'U77', 'U80', 'VRG', 'VRH', 'VRJ', 'VRK', 'VRL', 'VRM', 'VRN', 'VRR', 'VT7', 'VV4', 'VY7', 'V8D', 'WMK', 'XL8', 'YM8', '0ST', '1LS', '1NF', '1SZ', '2NF', '2ST', '4AA', '5A7', '6X1', '7X1', '8DX', '9DX', '9L3']}","['AAQ', 'AL0', 'AM7', 'ATH', 'AT8', 'AV3', 'AXJ', 'AYG', 'A50', 'BTV', 'B34', 'C68', 'DCP', 'DG7', 'D31', 'EF7', 'FE2', 'FE9', 'FJW', 'GBA', 'GW6', 'H1T', 'IOR', 'I19', 'JL9', 'J71', 'KB7', 'KRV', 'KTI', 'LAL', 'LTG', 'MAH', 'MX0', 'M5T', 'M97', 'NE8', 'NKC', 'NP5', 'NTB', 'NV9', 'N10', 'RIK', 'R0H', 'R8J', 'R9N', 'SBF', 'SGE', 'SLM', 'TDM', 'T4L', 'T61', 'UDD', 'UE1', 'UJM', 'UMN', 'UPG', 'UQ3', 'UST', 'UVB', 'U77', 'U80', 'VRG', 'VRH', 'VRJ', 'VRK', 'VRL', 'VRM', 'VRN', 'VRR', 'VT7', 'VV4', 'VY7', 'V8D', 'WMK', 'XL8', 'YM8', '0ST', '1LS', '1NF', '1SZ', '2NF', '2ST', '4AA', '5A7', '6X1', '7X1', '8DX', '9DX', '9L3']"
1G1FH1R73K0122257,2019,CAMARO,COUPE,2SS,6.2L (376 ci) V8 DI,A10,RWD,GARNET RED TINTCOAT,48270,JOHN THORNTON CHEVROLET,"LITHIA SPRINGS, GA 30122-2633",WKXWKV,"{'maker': 'CHEVY', 'model_year': '2019', 'mmc_code': '1AK37', 'vin': '1G1FH1R73K0122257', 'sitedealer_code': '08626', 'sell_source': '13', 'order_number': 'WKXWKV', 'creation_date': '10/24/2019', 'Options': ['AKQ', 'AL0', 'AM7', 'ATH', 'AT8', 'AV3', 'AXJ', 'AYG', 'A45', 'A50', 'BTV', 'B34', 'B7G', 'CJ2', 'C70', 'DCP', 'DD1', 'DRZ', 'D5Z', 'EF7', 'FE3', 'FE9', 'FJW', 'F55', 'G7E', 'G80', 'HRE', 'H0Y', 'IOT', 'I19', 'J6G', 'J77', 'KA1', 'KB7', 'KC4', 'KD1', 'KNR', 'KQV', 'KRV', 'LAL', 'LT1', 'MAH', 'MCR', 'MF6', 'MX0', 'M97', 'NE8', 'NKC', 'NPP', 'NP5', 'NTB', 'NV9', 'R0F', 'R8J', 'R9N', 'SBF', 'SLM', 'TDM', 'T3S', 'T4L', 'UD7', 'UEU', 'UE1', 'UFG', 'UHS', 'UJM', 'UKC', 'UMN', 'UPG', 'UQA', 'UVB', 'UVD', 'UV6', 'U2K', 'U77', 'U80', 'VRG', 'VRH', 'VRJ', 'VRK', 'VRL', 'VRM', 'VRN', 'VRR', 'VT7', 'VV4', 'VY7', 'V03', 'V18', 'V8D', 'WMK', 'XLC', 'XL8', '0ST', '1NF', '1SZ', '2NF', '2SS', '2ST', '4AA', '5A7', '56W', '6X1', '7X1', '8BB', '9BB', '9L3']}","['AKQ', 'AL0', 'AM7', 'ATH', 'AT8', 'AV3', 'AXJ', 'AYG', 'A45', 'A50', 'BTV', 'B34', 'B7G', 'CJ2', 'C70', 'DCP', 'DD1', 'DRZ', 'D5Z', 'EF7', 'FE3', 'FE9', 'FJW', 'F55', 'G7E', 'G80', 'HRE', 'H0Y', 'IOT', 'I19', 'J6G', 'J77', 'KA1', 'KB7', 'KC4', 'KD1', 'KNR', 'KQV', 'KRV', 'LAL', 'LT1', 'MAH', 'MCR', 'MF6', 'MX0', 'M97', 'NE8', 'NKC', 'NPP', 'NP5', 'NTB', 'NV9', 'R0F', 'R8J', 'R9N', 'SBF', 'SLM', 'TDM', 'T3S', 'T4L', 'UD7', 'UEU', 'UE1', 'UFG', 'UHS', 'UJM', 'UKC', 'UMN', 'UPG', 'UQA', 'UVB', 'UVD', 'UV6', 'U2K', 'U77', 'U80', 'VRG', 'VRH', 'VRJ', 'VRK', 'VRL', 'VRM', 'VRN', 'VRR', 'VT7', 'VV4', 'VY7', 'V03', 'V18', 'V8D', 'WMK', 'XLC', 'XL8', '0ST', '1NF', '1SZ', '2NF', '2SS', '2ST', '4AA', '5A7', '56W', '6X1', '7X1', '8BB', '9BB', '9L3']"
1G1FH1R74K0122817,2019,CAMARO,COUPE,2SS,6.2L (376 ci) V8 DI,A10,RWD,BLACK,48755,WILMES CHEVROLET BUICK GMC,"ALTUS, OK 73522-1131",WMRFZT,"{'maker': 'CHEVY', 'model_year': '2019', 'mmc_code': '1AK37', 'vin': '1G1FH1R74K0122817', 'sitedealer_code': '07177', 'sell_source': '13', 'order_number': 'WMRFZT', 'creation_date': '9/6/2019', 'Options': ['AKQ', 'AL0', 'AM7', 'ATH', 'AT8', 'AV3', 'AXJ', 'AYG', 'A45', 'A50', 'BRJ', 'BTV', 'B34', 'B7G', 'CJ2', 'C70', 'DCP', 'DD1', 'DRZ', 'D5Z', 'EF7', 'FE3', 'FE9', 'FJW', 'GBA', 'G80', 'HRE', 'H16', 'IOT', 'I19', 'J6G', 'J77', 'KA1', 'KB7', 'KC4', 'KD1', 'KNR', 'KQV', 'KRV', 'LAL', 'LT1', 'MAH', 'MCR', 'MF6', 'MX0', 'M97', 'NE8', 'NKC', 'NPP', 'NP5', 'NTB', 'NV9', 'R0F', 'R7E', 'R8J', 'R9N', 'SBF', 'SLM', 'SNG', 'TDM', 'T3S', 'T4L', 'UD7', 'UEU', 'UE1', 'UFG', 'UHS', 'UJM', 'UKC', 'UMN', 'UPG', 'UQA', 'UVB', 'UVD', 'UV6', 'U2K', 'U77', 'U80', 'VK3', 'VRG', 'VRH', 'VRJ', 'VRK', 'VRL', 'VRM', 'VRN', 'VRR', 'VT7', 'VV4', 'VY7', 'V03', 'V18', 'V8D', 'WHA', 'WMK', 'XLC', 'XL8', 'YM8', '0ST', '1NF', '1SZ', '2NF', '2SS', '2ST', '4G2', '5A7', '56H', '56S', '6X1', '7X1', '8AA', '9AA', '9L3']}","['AKQ', 'AL0', 'AM7', 'ATH', 'AT8', 'AV3', 'AXJ', 'AYG', 'A45', 'A50', 'BRJ', 'BTV', 'B34', 'B7G', 'CJ2', 'C70', 'DCP', 'DD1', 'DRZ', 'D5Z', 'EF7', 'FE3', 'FE9', 'FJW', 'GBA', 'G80', 'HRE', 'H16', 'IOT', 'I19', 'J6G', 'J77', 'KA1', 'KB7', 'KC4', 'KD1', 'KNR', 'KQV', 'KRV', 'LAL', 'LT1', 'MAH', 'MCR', 'MF6', 'MX0', 'M97', 'NE8', 'NKC', 'NPP', 'NP5', 'NTB', 'NV9', 'R0F', 'R7E', 'R8J', 'R9N', 'SBF', 'SLM', 'SNG', 'TDM', 'T3S', 'T4L', 'UD7', 'UEU', 'UE1', 'UFG', 'UHS', 'UJM', 'UKC', 'UMN', 'UPG', 'UQA', 'UVB', 'UVD', 'UV6', 'U2K', 'U77', 'U80', 'VK3', 'VRG', 'VRH', 'VRJ', 'VRK', 'VRL', 'VRM', 'VRN', 'VRR', 'VT7', 'VV4', 'VY7', 'V03', 'V18', 'V8D', 'WHA', 'WMK', 'XLC', 'XL8', 'YM8', '0ST', '1NF', '1SZ', '2NF', '2SS', '2ST', '4G2', '5A7', '56H', '56S', '6X1', '7X1', '8AA', '9AA', '9L3']"
1G1FB1RX9K0138268,2019,CAMARO,COUPE,1LS,"2.0L Turbo, 4-cylinder, SIDI, VVT",A8,RWD,SILVER ICE METALLIC,27530,"SMART CHEVROLET, INC.","MADISON, NC 27025-0708",WNMS78,"{'maker': 'CHEVY', 'model_year': '2019', 'mmc_code': '1AG37', 'vin': '1G1FB1RX9K0138268', 'sitedealer_code': '16158', 'sell_source': '13', 'order_number': 'WNMS78', 'creation_date': '2/9/2020', 'Options': ['AAQ', 'AL0', 'AM7', 'ATH', 'AT8', 'AV3', 'AXJ', 'AYG', 'A50', 'BTV', 'B34', 'C68', 'DCP', 'DG7', 'D31', 'EF7', 'FE2', 'FE9', 'FJW', 'GAN', 'GW6', 'H1T', 'IOR', 'I19', 'JL9', 'J71', 'KB7', 'KRV', 'KTI', 'LAL', 'LTG', 'MAH', 'MX0', 'M5T', 'M97', 'NE8', 'NKC', 'NP5', 'NTB', 'NV9', 'N10', 'R0H', 'R7E', 'R8J', 'R9N', 'SBF', 'SGE', 'SLM', 'TDM', 'T4L', 'T61', 'UDD', 'UE1', 'UJM', 'UMN', 'UPG', 'UQ3', 'UST', 'UVB', 'U77', 'U80', 'VK3', 'VRG', 'VRH', 'VRJ', 'VRK', 'VRL', 'VRM', 'VRN', 'VRR', 'VT7', 'VV4', 'VY7', 'V8D', 'WMK', 'XL8', '0ST', '1LS', '1NF', '1SZ', '2NF', '2ST', '4AA', '5A7', '6X1', '7X1', '8DX', '9DX', '9L3']}","['AAQ', 'AL0', 'AM7', 'ATH', 'AT8', 'AV3', 'AXJ', 'AYG', 'A50', 'BTV', 'B34', 'C68', 'DCP', 'DG7', 'D31', 'EF7', 'FE2', 'FE9', 'FJW', 'GAN', 'GW6', 'H1T', 'IOR', 'I19', 'JL9', 'J71', 'KB7', 'KRV', 'KTI', 'LAL', 'LTG', 'MAH', 'MX0', 'M5T', 'M97', 'NE8', 'NKC', 'NP5', 'NTB', 'NV9', 'N10', 'R0H', 'R7E', 'R8J', 'R9N', 'SBF', 'SGE', 'SLM', 'TDM', 'T4L', 'T61', 'UDD', 'UE1', 'UJM', 'UMN', 'UPG', 'UQ3', 'UST', 'UVB', 'U77', 'U80', 'VK3', 'VRG', 'VRH', 'VRJ', 'VRK', 'VRL', 'VRM', 'VRN', 'VRR', 'VT7', 'VV4', 'VY7', 'V8D', 'WMK', 'XL8', '0ST', '1LS', '1NF', '1SZ', '2NF', '2ST', '4AA', '5A7', '6X1', '7X1', '8DX', '9DX', '9L3']"
1G1FH1R73K0131105,2019,CAMARO,COUPE,2SS,6.2L (376 ci) V8 DI,A10,RWD,RIVERSIDE BLUE METALLIC,51715,CHAMPION CHEVROLET,"RENO, NV 89510-7277",WPDM80,"{'maker': 'CHEVY', 'model_year': '2019', 'mmc_code': '1AK37', 'vin': '1G1FH1R73K0131105', 'sitedealer_code': '06257', 'sell_source': '13', 'order_number': 'WPDM80', 'creation_date': '6/11/2019', 'Options': ['AKQ', 'AL0', 'AM7', 'ATH', 'AT8', 'AV3', 'AXJ', 'AYG', 'A45', 'A50', 'BTV', 'B34', 'B7G', 'CJ2', 'C70', 'DCP', 'DD1', 'DRZ', 'D5Z', 'EF7', 'FE3', 'FJW', 'F55', 'GKK', 'G80', 'HRE', 'H0Y', 'IOT', 'I19', 'J6G', 'J77', 'KA1', 'KB7', 'KC4', 'KD1', 'KNR', 'KQV', 'KRV', 'LAL', 'LT1', 'MAH', 'MCR', 'MF6', 'MX0', 'M97', 'NC7', 'NE8', 'NKC', 'NPP', 'NP5', 'NUE', 'NV9', 'PCN', 'R0F', 'R8J', 'R9N', 'SBF', 'SB9', 'SFZ', 'SLM', 'TDM', 'T3S', 'T4L', 'UD7', 'UEU', 'UE1', 'UFG', 'UHS', 'UJM', 'UKC', 'UMN', 'UPG', 'UQA', 'UVB', 'UVD', 'UV6', 'U2K', 'U77', 'U80', 'VAV', 'VK3', 'VLI', 'VRG', 'VRH', 'VRJ', 'VRK', 'VRL', 'VRM', 'VRN', 'VRR', 'VT7', 'VV4', 'VYW', 'VY7', 'V03', 'V18', 'V8D', 'WMK', 'W2D', 'XLC', 'XL8', 'YF5', 'YM8', '0ST', '1NF', '1SZ', '2NF', '2SS', '2ST', '4AA', '5A7', '5WF', '56S', '57S', '6X1', '7X1', '8BB', '9BB', '9L3']}","['AKQ', 'AL0', 'AM7', 'ATH', 'AT8', 'AV3', 'AXJ', 'AYG', 'A45', 'A50', 'BTV', 'B34', 'B7G', 'CJ2', 'C70', 'DCP', 'DD1', 'DRZ', 'D5Z', 'EF7', 'FE3', 'FJW', 'F55', 'GKK', 'G80', 'HRE', 'H0Y', 'IOT', 'I19', 'J6G', 'J77', 'KA1', 'KB7', 'KC4', 'KD1', 'KNR', 'KQV', 'KRV', 'LAL', 'LT1', 'MAH', 'MCR', 'MF6', 'MX0', 'M97', 'NC7', 'NE8', 'NKC', 'NPP', 'NP5', 'NUE', 'NV9', 'PCN', 'R0F', 'R8J', 'R9N', 'SBF', 'SB9', 'SFZ', 'SLM', 'TDM', 'T3S', 'T4L', 'UD7', 'UEU', 'UE1', 'UFG', 'UHS', 'UJM', 'UKC', 'UMN', 'UPG', 'UQA', 'UVB', 'UVD', 'UV6', 'U2K', 'U77', 'U80', 'VAV', 'VK3', 'VLI', 'VRG', 'VRH', 'VRJ', 'VRK', 'VRL', 'VRM', 'VRN', 'VRR', 'VT7', 'VV4', 'VYW', 'VY7', 'V03', 'V18', 'V8D', 'WMK', 'W2D', 'XLC', 'XL8', 'YF5', 'YM8', '0ST', '1NF', '1SZ', '2NF', '2SS', '2ST', '4AA', '5A7', '5WF', '56S', '57S', '6X1', '7X1', '8BB', '9BB', '9L3']"
1G1FH1R76K0127680,2019,CAMARO,COUPE,2SS,6.2L (376 ci) V8 DI,A10,RWD,SHADOW GRAY METALLIC,48665,"PHILLIPS CHEVROLET OF LANSING, INC","LANSING, IL 60438-1888",WPHC7S,"{'maker': 'CHEVY', 'model_year': '2019', 'mmc_code': '1AK37', 'vin': '1G1FH1R76K0127680', 'sitedealer_code': '10012', 'sell_source': '13', 'order_number': 'WPHC7S', 'creation_date': '5/17/2019', 'Options': ['AKQ', 'AL0', 'AM7', 'AQJ', 'ATH', 'AT8', 'AV3', 'AXJ', 'AYG', 'A45', 'BTV', 'B34', 'B7G', 'CF5', 'CJ2', 'C70', 'DCP', 'DD1', 'DRZ', 'D5Z', 'EF7', 'FE3', 'FE9', 'FJW', 'GJI', 'G80', 'HRE', 'H0Y', 'IOT', 'I19', 'J6G', 'J77', 'KA1', 'KB7', 'KC4', 'KD1', 'KNR', 'KQV', 'KRV', 'LAL', 'LT1', 'MAH', 'MCR', 'MF6', 'MX0', 'M97', 'NE8', 'NKC', 'NPP', 'NP5', 'NTB', 'NV9', 'R0F', 'R8J', 'R9N', 'SBF', 'SFE', 'SLM', 'TDM', 'T3S', 'T4L', 'UD7', 'UEU', 'UE1', 'UFG', 'UHS', 'UJM', 'UKC', 'UMN', 'UPG', 'UQA', 'UVB', 'UVD', 'UV6', 'U2K', 'U77', 'U80', 'VK3', 'VRG', 'VRH', 'VRJ', 'VRK', 'VRL', 'VRM', 'VRN', 'VRR', 'VT7', 'VV4', 'VY7', 'V03', 'V18', 'V8D', 'WMK', 'XLC', 'XL8', 'YM8', '0ST', '1NF', '1SZ', '2NF', '2SS', '2ST', '4AA', '5A7', '56S', '6X1', '7X1', '8AA', '9AA', '9L3']}","['AKQ', 'AL0', 'AM7', 'AQJ', 'ATH', 'AT8', 'AV3', 'AXJ', 'AYG', 'A45', 'BTV', 'B34', 'B7G', 'CF5', 'CJ2', 'C70', 'DCP', 'DD1', 'DRZ', 'D5Z', 'EF7', 'FE3', 'FE9', 'FJW', 'GJI', 'G80', 'HRE', 'H0Y', 'IOT', 'I19', 'J6G', 'J77', 'KA1', 'KB7', 'KC4', 'KD1', 'KNR', 'KQV', 'KRV', 'LAL', 'LT1', 'MAH', 'MCR', 'MF6', 'MX0', 'M97', 'NE8', 'NKC', 'NPP', 'NP5', 'NTB', 'NV9', 'R0F', 'R8J', 'R9N', 'SBF', 'SFE', 'SLM', 'TDM', 'T3S', 'T4L', 'UD7', 'UEU', 'UE1', 'UFG', 'UHS', 'UJM', 'UKC', 'UMN', 'UPG', 'UQA', 'UVB', 'UVD', 'UV6', 'U2K', 'U77', 'U80', 'VK3', 'VRG', 'VRH', 'VRJ', 'VRK', 'VRL', 'VRM', 'VRN', 'VRR', 'VT7', 'VV4', 'VY7', 'V03', 'V18', 'V8D', 'WMK', 'XLC', 'XL8', 'YM8', '0ST', '1NF', '1SZ', '2NF', '2SS', '2ST', '4AA', '5A7', '56S', '6X1', '7X1', '8AA', '9AA', '9L3']"
1G1FH1R74K0128486,2019,CAMARO,COUPE,2SS,6.2L (376 ci) V8 DI,A10,RWD,RED HOT,50145,GENERAL MOTORS LLC,"DETROIT, MI 48265-1000",WMXK4D,"{'maker': 'CHEVY', 'model_year': '2019', 'mmc_code': '1AK37', 'vin': '1G1FH1R74K0128486', 'sitedealer_code': '35101', 'sell_source': '13', 'order_number': 'WMXK4D', 'creation_date': '7/30/2019', 'Options': ['AKQ', 'AL0', 'AM7', 'ATH', 'AT8', 'AV3', 'AXJ', 'AYG', 'A45', 'A50', 'BO4', 'BTV', 'B34', 'B7G', 'CJ2', 'C70', 'DCP', 'DD1', 'DNS', 'DRZ', 'D5Z', 'EF7', 'FE3', 'FJW', 'F55', 'G7C', 'G80', 'HRE', 'H0Y', 'IOS', 'I19', 'J6G', 'J77', 'KA1', 'KB7', 'KC4', 'KD1', 'KNR', 'KQV', 'KRV', 'LAL', 'LT1', 'MAH', 'MCR', 'MF6', 'MX0', 'M97', 'NE8', 'NKC', 'NPP', 'NP5', 'NUE', 'NV9', 'R0F', 'R8J', 'R9N', 'SBF', 'SLM', 'TDM', 'TD2', 'T3S', 'T4L', 'UD7', 'UEU', 'UE1', 'UFG', 'UHS', 'UJM', 'UKC', 'UMN', 'UPG', 'UQA', 'UVB', 'UVD', 'UV6', 'U2K', 'U77', 'U80', 'VK3', 'VRG', 'VRH', 'VRJ', 'VRK', 'VRL', 'VRM', 'VRN', 'VRR', 'VT7', 'VV4', 'VY7', 'V03', 'V18', 'V8D', 'WMK', 'XLC', 'XL8', 'YF5', 'YM8', '0ST', '1NF', '1SZ', '2NF', '2SS', '2ST', '4AA', '5A7', '56S', '57S', '6X1', '7X1', '8BB', '9BB', '9L3']}","['AKQ', 'AL0', 'AM7', 'ATH', 'AT8', 'AV3', 'AXJ', 'AYG', 'A45', 'A50', 'BO4', 'BTV', 'B34', 'B7G', 'CJ2', 'C70', 'DCP', 'DD1', 'DNS', 'DRZ', 'D5Z', 'EF7', 'FE3', 'FJW', 'F55', 'G7C', 'G80', 'HRE', 'H0Y', 'IOS', 'I19', 'J6G', 'J77', 'KA1', 'KB7', 'KC4', 'KD1', 'KNR', 'KQV', 'KRV', 'LAL', 'LT1', 'MAH', 'MCR', 'MF6', 'MX0', 'M97', 'NE8', 'NKC', 'NPP', 'NP5', 'NUE', 'NV9', 'R0F', 'R8J', 'R9N', 'SBF', 'SLM', 'TDM', 'TD2', 'T3S', 'T4L', 'UD7', 'UEU', 'UE1', 'UFG', 'UHS', 'UJM', 'UKC', 'UMN', 'UPG', 'UQA', 'UVB', 'UVD', 'UV6', 'U2K', 'U77', 'U80', 'VK3', 'VRG', 'VRH', 'VRJ', 'VRK', 'VRL', 'VRM', 'VRN', 'VRR', 'VT7', 'VV4', 'VY7', 'V03', 'V18', 'V8D', 'WMK', 'XLC', 'XL8', 'YF5', 'YM8', '0ST', '1NF', '1SZ', '2NF', '2SS', '2ST', '4AA', '5A7', '56S', '57S', '6X1', '7X1', '8BB', '9BB', '9L3']"
1G1FH1R79K0129259,2019,CAMARO,COUPE,2SS,6.2L (376 ci) V8 DI,A10,RWD,SHADOW GRAY METALLIC,45585,BECK CHEVROLET BUICK GMC,"PALATKA, FL 32178-0639",WPKCVT,"{'maker': 'CHEVY', 'model_year': '2019', 'mmc_code': '1AK37', 'vin': '1G1FH1R79K0129259', 'sitedealer_code': '26447', 'sell_source': '13', 'order_number': 'WPKCVT', 'creation_date': '2/16/2020', 'Options': ['AKQ', 'AL0', 'AM7', 'ATH', 'AT8', 'AV3', 'AXJ', 'AYG', 'A45', 'A50', 'BTV', 'B34', 'B7G', 'CF5', 'CJ2', 'C70', 'DCP', 'DD1', 'DRZ', 'D5Z', 'EF7', 'FE3', 'FE9', 'FJW', 'GJI', 'G80', 'HRE', 'H0Y', 'IOS', 'I19', 'J6G', 'J77', 'KA1', 'KB7', 'KC4', 'KD1', 'KNR', 'KQV', 'KRV', 'LAL', 'LT1', 'MAH', 'MCR', 'MF6', 'MX0', 'M97', 'NE8', 'NKC', 'NP5', 'NTB', 'NV9', 'N10', 'R0F', 'R8J', 'R9N', 'SBF', 'SLM', 'TDM', 'T3S', 'T4L', 'UD7', 'UEU', 'UE1', 'UFG', 'UHS', 'UJM', 'UKC', 'UMN', 'UPG', 'UQA', 'UVB', 'UVD', 'UV6', 'U2K', 'U77', 'U80', 'VRG', 'VRH', 'VRJ', 'VRK', 'VRL', 'VRM', 'VRN', 'VRR', 'VT7', 'VV4', 'VY7', 'V03', 'V18', 'V8D', 'WMK', 'XLC', 'XL8', 'YM8', '0ST', '1NF', '1SZ', '2NF', '2SS', '2ST', '4AA', '5A7', '56S', '6X1', '7X1', '8AA', '9AA', '9L3']}","['AKQ', 'AL0', 'AM7', 'ATH', 'AT8', 'AV3', 'AXJ', 'AYG', 'A45', 'A50', 'BTV', 'B34', 'B7G', 'CF5', 'CJ2', 'C70', 'DCP', 'DD1', 'DRZ', 'D5Z', 'EF7', 'FE3', 'FE9', 'FJW', 'GJI', 'G80', 'HRE', 'H0Y', 'IOS', 'I19', 'J6G', 'J77', 'KA1', 'KB7', 'KC4', 'KD1', 'KNR', 'KQV', 'KRV', 'LAL', 'LT1', 'MAH', 'MCR', 'MF6', 'MX0', 'M97', 'NE8', 'NKC', 'NP5', 'NTB', 'NV9', 'N10', 'R0F', 'R8J', 'R9N', 'SBF', 'SLM', 'TDM', 'T3S', 'T4L', 'UD7', 'UEU', 'UE1', 'UFG', 'UHS', 'UJM', 'UKC', 'UMN', 'UPG', 'UQA', 'UVB', 'UVD', 'UV6', 'U2K', 'U77', 'U80', 'VRG', 'VRH', 'VRJ', 'VRK', 'VRL', 'VRM', 'VRN', 'VRR', 'VT7', 'VV4', 'VY7', 'V03', 'V18', 'V8D', 'WMK', 'XLC', 'XL8', 'YM8', '0ST', '1NF', '1SZ', '2NF', '2SS', '2ST', '4AA', '5A7', '56S', '6X1', '7X1', '8AA', '9AA', '9L3']"
1G1FH1R77K0134010,2019,CAMARO,COUPE,2SS,6.2L (376 ci) V8 DI,A10,RWD,SHOCK,45385,GENERAL MOTORS LLC,"DETROIT, MI 48265-1000",WQCHQZ,"{'maker': 'CHEVY', 'model_year': '2019', 'mmc_code': '1AK37', 'vin': '1G1FH1R77K0134010', 'sitedealer_code': '35101', 'sell_source': '13', 'order_number': 'WQCHQZ', 'creation_date': '2/24/2020', 'Options': ['AKQ', 'AL0', 'AM7', 'ATH', 'AT8', 'AV3', 'AXJ', 'AYG', 'A45', 'A50', 'A9B', 'BTV', 'B34', 'B7G', 'B9F', 'CJ2', 'C70', 'DCP', 'DD1', 'DRZ', 'D5Z', 'EF7', 'E2C', 'FE3', 'FE9', 'FJW', 'GKO', 'G80', 'HRE', 'H0Y', 'IOS', 'I19', 'J6G', 'J77', 'KA1', 'KB7', 'KC4', 'KD1', 'KNR', 'KQV', 'KRV', 'LAL', 'LT1', 'MAH', 'MCR', 'MF6', 'MX0', 'M97', 'NE8', 'NKC', 'NP5', 'NTB', 'NV9', 'N10', 'R0F', 'R6F', 'R7V', 'R8J', 'R9N', 'R9Z', 'SBF', 'SLM', 'TDM', 'T3S', 'T4L', 'UD7', 'UEU', 'UE1', 'UFG', 'UHS', 'UJM', 'UKC', 'UMN', 'UPG', 'UQA', 'UVB', 'UVD', 'UV6', 'U2K', 'U77', 'U80', 'VRG', 'VRH', 'VRJ', 'VRK', 'VRL', 'VRM', 'VRN', 'VRR', 'VT7', 'VV4', 'VY7', 'V03', 'V18', 'V8D', 'WMK', 'XLC', 'XL8', '0ST', '1NF', '1SZ', '2NF', '2SS', '2ST', '4AA', '5A7', '56V', '6X1', '7X1', '8AA', '9AA', '9L3']}","['AKQ', 'AL0', 'AM7', 'ATH', 'AT8', 'AV3', 'AXJ', 'AYG', 'A45', 'A50', 'A9B', 'BTV', 'B34', 'B7G', 'B9F', 'CJ2', 'C70', 'DCP', 'DD1', 'DRZ', 'D5Z', 'EF7', 'E2C', 'FE3', 'FE9', 'FJW', 'GKO', 'G80', 'HRE', 'H0Y', 'IOS', 'I19', 'J6G', 'J77', 'KA1', 'KB7', 'KC4', 'KD1', 'KNR', 'KQV', 'KRV', 'LAL', 'LT1', 'MAH', 'MCR', 'MF6', 'MX0', 'M97', 'NE8', 'NKC', 'NP5', 'NTB', 'NV9', 'N10', 'R0F', 'R6F', 'R7V', 'R8J', 'R9N', 'R9Z', 'SBF', 'SLM', 'TDM', 'T3S', 'T4L', 'UD7', 'UEU', 'UE1', 'UFG', 'UHS', 'UJM', 'UKC', 'UMN', 'UPG', 'UQA', 'UVB', 'UVD', 'UV6', 'U2K', 'U77', 'U80', 'VRG', 'VRH', 'VRJ', 'VRK', 'VRL', 'VRM', 'VRN', 'VRR', 'VT7', 'VV4', 'VY7', 'V03', 'V18', 'V8D', 'WMK', 'XLC', 'XL8', '0ST', '1NF', '1SZ', '2NF', '2SS', '2ST', '4AA', '5A7', '56V', '6X1', '7X1', '8AA', '9AA', '9L3']"
1G1FH1R76K0129851,2019,CAMARO,COUPE,2SS,6.2L (376 ci) V8 DI,A10,RWD,CRUSH,50570,RICK HENDRICK CHEVROLET NAPLES,"NAPLES, FL 34108",WPNNSH,"{'maker': 'CHEVY', 'model_year': '2019', 'mmc_code': '1AK37', 'vin': '1G1FH1R76K0129851', 'sitedealer_code': '26495', 'sell_source': '13', 'order_number': 'WPNNSH', 'creation_date': '1/22/2020', 'Options': ['AKQ', 'AL0', 'AM7', 'ATH', 'AT8', 'AV3', 'AXJ', 'AYG', 'A45', 'A50', 'BO4', 'BTV', 'B34', 'B7G', 'CJ2', 'C70', 'DCP', 'DD1', 'DNS', 'DRZ', 'D5Z', 'EF7', 'FE3', 'FE9', 'FJW', 'G16', 'G80', 'HRE', 'H0Y', 'IOT', 'I19', 'J6G', 'J77', 'KA1', 'KB7', 'KC4', 'KD1', 'KNR', 'KQV', 'KRV', 'LAL', 'LT1', 'MAH', 'MCR', 'MF6', 'MX0', 'M97', 'NE8', 'NKC', 'NPP', 'NP5', 'NTB', 'NV9', 'RVK', 'R0F', 'R8J', 'R9N', 'SBF', 'SLM', 'TDM', 'TD2', 'T3S', 'T4L', 'UD7', 'UEU', 'UE1', 'UFG', 'UHS', 'UJM', 'UKC', 'UMN', 'UPG', 'UQA', 'UVB', 'UVD', 'UV6', 'U2K', 'U77', 'U80', 'VQL', 'VRG', 'VRH', 'VRJ', 'VRK', 'VRL', 'VRM', 'VRN', 'VRR', 'VT7', 'VV4', 'VY7', 'V03', 'V18', 'V8D', 'WMK', 'XLC', 'XL8', 'YM8', '0ST', '1NF', '1SZ', '2NF', '2SS', '2ST', '4AA', '5A7', '5WF', '5ZD', '56S', '57S', '6X1', '7X1', '8AA', '9AA', '9L3']}","['AKQ', 'AL0', 'AM7', 'ATH', 'AT8', 'AV3', 'AXJ', 'AYG', 'A45', 'A50', 'BO4', 'BTV', 'B34', 'B7G', 'CJ2', 'C70', 'DCP', 'DD1', 'DNS', 'DRZ', 'D5Z', 'EF7', 'FE3', 'FE9', 'FJW', 'G16', 'G80', 'HRE', 'H0Y', 'IOT', 'I19', 'J6G', 'J77', 'KA1', 'KB7', 'KC4', 'KD1', 'KNR', 'KQV', 'KRV', 'LAL', 'LT1', 'MAH', 'MCR', 'MF6', 'MX0', 'M97', 'NE8', 'NKC', 'NPP', 'NP5', 'NTB', 'NV9', 'RVK', 'R0F', 'R8J', 'R9N', 'SBF', 'SLM', 'TDM', 'TD2', 'T3S', 'T4L', 'UD7', 'UEU', 'UE1', 'UFG', 'UHS', 'UJM', 'UKC', 'UMN', 'UPG', 'UQA', 'UVB', 'UVD', 'UV6', 'U2K', 'U77', 'U80', 'VQL', 'VRG', 'VRH', 'VRJ', 'VRK', 'VRL', 'VRM', 'VRN', 'VRR', 'VT7', 'VV4', 'VY7', 'V03', 'V18', 'V8D', 'WMK', 'XLC', 'XL8', 'YM8', '0ST', '1NF', '1SZ', '2NF', '2SS', '2ST', '4AA', '5A7', '5WF', '5ZD', '56S', '57S', '6X1', '7X1', '8AA', '9AA', '9L3']"
1G1FF1R74K0122063,2019,CAMARO,COUPE,1SS,6.2L (376 ci) V8 DI,A10,RWD,RIVERSIDE BLUE METALLIC,41045,OURISMAN CHEVROLET BUICK GMC OF ALE,"ALEXANDRIA, VA 22303-1858",WKDW23,"{'maker': 'CHEVY', 'model_year': '2019', 'mmc_code': '1AJ37', 'vin': '1G1FF1R74K0122063', 'sitedealer_code': '14461', 'sell_source': '13', 'order_number': 'WKDW23', 'creation_date': '3/22/2020', 'Options': ['AKQ', 'AL0', 'AM7', 'ATH', 'AT8', 'AV3', 'AXJ', 'AYG', 'A50', 'BTV', 'B34', 'CF5', 'C68', 'DCP', 'DG7', 'D31', 'D5Z', 'EF7', 'FE3', 'FJW', 'GKK', 'G80', 'HRE', 'H1T', 'IOS', 'I19', 'J6G', 'J77', 'KB7', 'KC4', 'KD1', 'KNR', 'KRV', 'LAL', 'LT1', 'MAH', 'MCR', 'MF6', 'MX0', 'M97', 'NC7', 'NE1', 'NE8', 'NKC', 'NP5', 'NUE', 'NV9', 'N10', 'R0F', 'R8J', 'R9N', 'SBF', 'SLM', 'TDM', 'T3S', 'T4L', 'UE1', 'UHS', 'UJM', 'UMN', 'UPG', 'UQ3', 'UVB', 'U2K', 'U77', 'U80', 'VAV', 'VK3', 'VRG', 'VRH', 'VRJ', 'VRK', 'VRL', 'VRM', 'VRN', 'VRR', 'VT7', 'VV4', 'VY7', 'V03', 'V18', 'V8D', 'WMK', 'XLC', 'XL8', 'YM8', '0ST', '1NF', '1SS', '1SZ', '2NF', '2ST', '4AA', '5A7', '56V', '6X1', '7X1', '8AA', '9AA', '9L3']}","['AKQ', 'AL0', 'AM7', 'ATH', 'AT8', 'AV3', 'AXJ', 'AYG', 'A50', 'BTV', 'B34', 'CF5', 'C68', 'DCP', 'DG7', 'D31', 'D5Z', 'EF7', 'FE3', 'FJW', 'GKK', 'G80', 'HRE', 'H1T', 'IOS', 'I19', 'J6G', 'J77', 'KB7', 'KC4', 'KD1', 'KNR', 'KRV', 'LAL', 'LT1', 'MAH', 'MCR', 'MF6', 'MX0', 'M97', 'NC7', 'NE1', 'NE8', 'NKC', 'NP5', 'NUE', 'NV9', 'N10', 'R0F', 'R8J', 'R9N', 'SBF', 'SLM', 'TDM', 'T3S', 'T4L', 'UE1', 'UHS', 'UJM', 'UMN', 'UPG', 'UQ3', 'UVB', 'U2K', 'U77', 'U80', 'VAV', 'VK3', 'VRG', 'VRH', 'VRJ', 'VRK', 'VRL', 'VRM', 'VRN', 'VRR', 'VT7', 'VV4', 'VY7', 'V03', 'V18', 'V8D', 'WMK', 'XLC', 'XL8', 'YM8', '0ST', '1NF', '1SS', '1SZ', '2NF', '2ST', '4AA', '5A7', '56V', '6X1', '7X1', '8AA', '9AA', '9L3']"
1G1FF1R7XK0122374,2019,CAMARO,COUPE,1SS,6.2L (376 ci) V8 DI,A10,RWD,MOSAIC BLACK METALLIC,65030,GM CANADA-SPECIAL EVENT-DRIVEN,"OSHAWA, ON L1H 8P7",WMSC79,"{'maker': 'GMCANADA', 'model_year': '2019', 'mmc_code': '1AJ37', 'vin': '1G1FF1R7XK0122374', 'sitedealer_code': '80237', 'sell_source': '14', 'order_number': 'WMSC79', 'creation_date': '12/6/2019', 'Options': ['AKQ', 'AL0', 'AM7', 'ATH', 'AT8', 'AV3', 'AXJ', 'AYG', 'A50', 'BTV', 'B34', 'CF5', 'C68', 'DCP', 'DG7', 'D31', 'D80', 'FE3', 'FE9', 'FJW', 'GB8', 'G80', 'HRE', 'H1T', 'IOS', 'I19', 'J6G', 'J77', 'KB7', 'KC4', 'KD1', 'KNR', 'KRV', 'LAL', 'LT1', 'MBC', 'MCR', 'MF6', 'MX0', 'M97', 'NE8', 'NKC', 'NP5', 'NTB', 'NV9', 'N10', 'PCU', 'RVK', 'RX0', 'R0F', 'R7K', 'R7W', 'R8J', 'SBF', 'SFE', 'SG3', 'SIB', 'SLM', 'TDM', 'T3S', 'T4L', 'UE1', 'UHS', 'UJM', 'UPG', 'UQ3', 'UVB', 'U19', 'U2K', 'U77', 'U80', 'VK3', 'VRG', 'VRH', 'VRJ', 'VRK', 'VRL', 'VRM', 'VRN', 'VRR', 'VRV', 'VT7', 'VV4', 'VY7', 'V03', 'V18', 'V8E', 'WMK', 'W0E', 'XLC', 'XL8', 'YM8', 'Z49', '0ST', '1NF', '1SS', '2NF', '2ST', '4AA', '5A7', '5KP', '5LQ', '5ZU', '56S', '57S', '6X1', '7X1', '8AA', '9AA', '9L3']}","['AKQ', 'AL0', 'AM7', 'ATH', 'AT8', 'AV3', 'AXJ', 'AYG', 'A50', 'BTV', 'B34', 'CF5', 'C68', 'DCP', 'DG7', 'D31', 'D80', 'FE3', 'FE9', 'FJW', 'GB8', 'G80', 'HRE', 'H1T', 'IOS', 'I19', 'J6G', 'J77', 'KB7', 'KC4', 'KD1', 'KNR', 'KRV', 'LAL', 'LT1', 'MBC', 'MCR', 'MF6', 'MX0', 'M97', 'NE8', 'NKC', 'NP5', 'NTB', 'NV9', 'N10', 'PCU', 'RVK', 'RX0', 'R0F', 'R7K', 'R7W', 'R8J', 'SBF', 'SFE', 'SG3', 'SIB', 'SLM', 'TDM', 'T3S', 'T4L', 'UE1', 'UHS', 'UJM', 'UPG', 'UQ3', 'UVB', 'U19', 'U2K', 'U77', 'U80', 'VK3', 'VRG', 'VRH', 'VRJ', 'VRK', 'VRL', 'VRM', 'VRN', 'VRR', 'VRV', 'VT7', 'VV4', 'VY7', 'V03', 'V18', 'V8E', 'WMK', 'W0E', 'XLC', 'XL8', 'YM8', 'Z49', '0ST', '1NF', '1SS', '2NF', '2ST', '4AA', '5A7', '5KP', '5LQ', '5ZU', '56S', '57S', '6X1', '7X1', '8AA', '9AA', '9L3']"
1G1FF1R71K0122585,2019,CAMARO,COUPE,1SS,6.2L (376 ci) V8 DI,A10,RWD,SATIN STEEL GREY METALLIC,42855,BOMMARITO CHEVROLET SOUTH,"SAINT LOUIS, MO 63123-7020",WHKFN9,"{'maker': 'CHEVY', 'model_year': '2019', 'mmc_code': '1AJ37', 'vin': '1G1FF1R71K0122585', 'sitedealer_code': '03500', 'sell_source': '13', 'order_number': 'WHKFN9', 'creation_date': '2/27/2020', 'Options': ['AKQ', 'AL0', 'AM7', 'AQJ', 'ATH', 'AT8', 'AV3', 'AXJ', 'AYG', 'BTV', 'B34', 'B8P', 'C68', 'DCP', 'DG7', 'D31', 'D5Z', 'EF7', 'FE3', 'FE9', 'FJW', 'G80', 'G9K', 'HRE', 'H1T', 'IOS', 'I19', 'J6G', 'J77', 'KB7', 'KC4', 'KD1', 'KNR', 'KRV', 'LAL', 'LT1', 'MAH', 'MCR', 'MF6', 'MX0', 'M97', 'NE8', 'NKC', 'NPP', 'NP5', 'NTB', 'NV9', 'RY2', 'R0F', 'R8J', 'R9N', 'SBF', 'SLM', 'TDM', 'T3S', 'T4L', 'UE1', 'UHS', 'UJM', 'UMN', 'UPG', 'UQ3', 'UVB', 'U2K', 'U77', 'U80', 'VK3', 'VQL', 'VRG', 'VRH', 'VRJ', 'VRK', 'VRL', 'VRM', 'VRN', 'VRR', 'VT7', 'VV4', 'VY7', 'V03', 'V18', 'V8D', 'WMK', 'XLC', 'XL8', 'YM8', '0ST', '1NF', '1SS', '1SZ', '2NF', '2ST', '4AA', '5A7', '56V', '6X1', '7X1', '8AA', '9AA', '9L3']}","['AKQ', 'AL0', 'AM7', 'AQJ', 'ATH', 'AT8', 'AV3', 'AXJ', 'AYG', 'BTV', 'B34', 'B8P', 'C68', 'DCP', 'DG7', 'D31', 'D5Z', 'EF7', 'FE3', 'FE9', 'FJW', 'G80', 'G9K', 'HRE', 'H1T', 'IOS', 'I19', 'J6G', 'J77', 'KB7', 'KC4', 'KD1', 'KNR', 'KRV', 'LAL', 'LT1', 'MAH', 'MCR', 'MF6', 'MX0', 'M97', 'NE8', 'NKC', 'NPP', 'NP5', 'NTB', 'NV9', 'RY2', 'R0F', 'R8J', 'R9N', 'SBF', 'SLM', 'TDM', 'T3S', 'T4L', 'UE1', 'UHS', 'UJM', 'UMN', 'UPG', 'UQ3', 'UVB', 'U2K', 'U77', 'U80', 'VK3', 'VQL', 'VRG', 'VRH', 'VRJ', 'VRK', 'VRL', 'VRM', 'VRN', 'VRR', 'VT7', 'VV4', 'VY7', 'V03', 'V18', 'V8D', 'WMK', 'XLC', 'XL8', 'YM8', '0ST', '1NF', '1SS', '1SZ', '2NF', '2ST', '4AA', '5A7', '56V', '6X1', '7X1', '8AA', '9AA', '9L3']"
1G1FF1R73K0126413,2019,CAMARO,COUPE,1SS,6.2L (376 ci) V8 DI,A10,RWD,BLACK,40795,"WATSON CHEVROLET, INC.","TUCSON, AZ 85703-8180",WMTC34,"{'maker': 'CHEVY', 'model_year': '2019', 'mmc_code': '1AJ37', 'vin': '1G1FF1R73K0126413', 'sitedealer_code': '39330', 'sell_source': '13', 'order_number': 'WMTC34', 'creation_date': '5/17/2019', 'Options': ['AKQ', 'AL0', 'AM7', 'ATH', 'AT8', 'AV3', 'AXJ', 'AYG', 'A50', 'BTV', 'B34', 'C68', 'DCP', 'DG7', 'D31', 'D5Z', 'EF7', 'FE3', 'FJW', 'GBA', 'G80', 'HRE', 'H1T', 'IOS', 'I19', 'J6G', 'J77', 'KB7', 'KC4', 'KD1', 'KNR', 'KRV', 'LAL', 'LT1', 'MAH', 'MCR', 'MF6', 'MX0', 'M97', 'NC7', 'NE8', 'NKC', 'NPP', 'NP5', 'NUE', 'NV9', 'R0F', 'R8J', 'R9N', 'SBF', 'SFE', 'SLM', 'TDM', 'T3S', 'T4L', 'UE1', 'UHS', 'UJM', 'UMN', 'UPG', 'UQ3', 'UVB', 'U2K', 'U77', 'U80', 'VRG', 'VRH', 'VRJ', 'VRK', 'VRL', 'VRM', 'VRN', 'VRR', 'VT7', 'VV4', 'VY7', 'V03', 'V18', 'V8D', 'WMK', 'W2D', 'XLC', 'XL8', 'YF5', 'YM8', '0ST', '1NF', '1SS', '1SZ', '2NF', '2ST', '4AA', '5A7', '5ZB', '56S', '6X1', '7X1', '8AA', '9AA', '9L3']}","['AKQ', 'AL0', 'AM7', 'ATH', 'AT8', 'AV3', 'AXJ', 'AYG', 'A50', 'BTV', 'B34', 'C68', 'DCP', 'DG7', 'D31', 'D5Z', 'EF7', 'FE3', 'FJW', 'GBA', 'G80', 'HRE', 'H1T', 'IOS', 'I19', 'J6G', 'J77', 'KB7', 'KC4', 'KD1', 'KNR', 'KRV', 'LAL', 'LT1', 'MAH', 'MCR', 'MF6', 'MX0', 'M97', 'NC7', 'NE8', 'NKC', 'NPP', 'NP5', 'NUE', 'NV9', 'R0F', 'R8J', 'R9N', 'SBF', 'SFE', 'SLM', 'TDM', 'T3S', 'T4L', 'UE1', 'UHS', 'UJM', 'UMN', 'UPG', 'UQ3', 'UVB', 'U2K', 'U77', 'U80', 'VRG', 'VRH', 'VRJ', 'VRK', 'VRL', 'VRM', 'VRN', 'VRR', 'VT7', 'VV4', 'VY7', 'V03', 'V18', 'V8D', 'WMK', 'W2D', 'XLC', 'XL8', 'YF5', 'YM8', '0ST', '1NF', '1SS', '1SZ', '2NF', '2ST', '4AA', '5A7', '5ZB', '56S', '6X1', '7X1', '8AA', '9AA', '9L3']"
1G1FF1R70K0134940,2019,CAMARO,COUPE,1SS,6.2L (376 ci) V8 DI,A10,RWD,RIVERSIDE BLUE METALLIC,44115,KEY MOTORS OF SOUTH BURLINGTON LLC,"SOUTH BURLINGTON, VT 05402-0566",WQMPPZ,"{'maker': 'CHEVY', 'model_year': '2019', 'mmc_code': '1AJ37', 'vin': '1G1FF1R70K0134940', 'sitedealer_code': '19110', 'sell_source': '13', 'order_number': 'WQMPPZ', 'creation_date': '2/8/2020', 'Options': ['AKQ', 'AL0', 'AM7', 'AQJ', 'ATH', 'AT8', 'AV3', 'AXJ', 'AYG', 'BTV', 'B34', 'CF5', 'C68', 'DCP', 'DG7', 'DNS', 'DW7', 'D31', 'D5Z', 'EF7', 'FE3', 'FJW', 'GKK', 'G80', 'HRE', 'H1T', 'IOS', 'I19', 'J6G', 'J77', 'KB7', 'KC4', 'KD1', 'KNR', 'KRV', 'LAL', 'LT1', 'MAH', 'MCR', 'MF6', 'MX0', 'M97', 'NC7', 'NE1', 'NE8', 'NKC', 'NP5', 'NUE', 'NV9', 'N10', 'R0F', 'R8J', 'R9N', 'SBF', 'SFZ', 'SLM', 'SLN', 'S0U', 'TDM', 'TD2', 'T3S', 'T4L', 'UE1', 'UHS', 'UJM', 'UMN', 'UPG', 'UQ3', 'UVB', 'U2K', 'U77', 'U80', 'VK3', 'VQL', 'VRG', 'VRH', 'VRJ', 'VRK', 'VRL', 'VRM', 'VRN', 'VRR', 'VTF', 'VT7', 'VV4', 'VY7', 'V03', 'V18', 'V8D', 'WMK', 'XLC', 'XL8', 'YM8', '0ST', '1NF', '1SS', '1SZ', '2NF', '2ST', '4AA', '5A7', '5ZD', '56S', '6X1', '7X1', '8AA', '9AA', '9L3']}","['AKQ', 'AL0', 'AM7', 'AQJ', 'ATH', 'AT8', 'AV3', 'AXJ', 'AYG', 'BTV', 'B34', 'CF5', 'C68', 'DCP', 'DG7', 'DNS', 'DW7', 'D31', 'D5Z', 'EF7', 'FE3', 'FJW', 'GKK', 'G80', 'HRE', 'H1T', 'IOS', 'I19', 'J6G', 'J77', 'KB7', 'KC4', 'KD1', 'KNR', 'KRV', 'LAL', 'LT1', 'MAH', 'MCR', 'MF6', 'MX0', 'M97', 'NC7', 'NE1', 'NE8', 'NKC', 'NP5', 'NUE', 'NV9', 'N10', 'R0F', 'R8J', 'R9N', 'SBF', 'SFZ', 'SLM', 'SLN', 'S0U', 'TDM', 'TD2', 'T3S', 'T4L', 'UE1', 'UHS', 'UJM', 'UMN', 'UPG', 'UQ3', 'UVB', 'U2K', 'U77', 'U80', 'VK3', 'VQL', 'VRG', 'VRH', 'VRJ', 'VRK', 'VRL', 'VRM', 'VRN', 'VRR', 'VTF', 'VT7', 'VV4', 'VY7', 'V03', 'V18', 'V8D', 'WMK', 'XLC', 'XL8', 'YM8', '0ST', '1NF', '1SS', '1SZ', '2NF', '2ST', '4AA', '5A7', '5ZD', '56S', '6X1', '7X1', '8AA', '9AA', '9L3']"
1G1FF1R71K0135434,2019,CAMARO,COUPE,1SS,6.2L (376 ci) V8 DI,A10,RWD,SUMMIT WHITE,40885,WINTER CHEVROLET,"PITTSBURG, CA 94565-0231",WPXM5G,"{'maker': 'CHEVY', 'model_year': '2019', 'mmc_code': '1AJ37', 'vin': '1G1FF1R71K0135434', 'sitedealer_code': '06657', 'sell_source': '13', 'order_number': 'WPXM5G', 'creation_date': '10/15/2019', 'Options': ['AKQ', 'AL0', 'AM7', 'ATH', 'AT8', 'AV3', 'AXJ', 'AYG', 'A50', 'BTV', 'B34', 'C68', 'DCP', 'DG7', 'D31', 'D5Z', 'EF7', 'FE3', 'FJW', 'GAZ', 'G80', 'HRE', 'H1T', 'IOS', 'I19', 'J6G', 'J77', 'KB7', 'KC4', 'KD1', 'KNR', 'KRV', 'LAL', 'LT1', 'MAH', 'MCR', 'MF6', 'MX0', 'M97', 'NE8', 'NKC', 'NPP', 'NP5', 'NUE', 'NV9', 'R0F', 'R8J', 'R9N', 'SBF', 'SLM', 'TDM', 'T3S', 'T4L', 'UE1', 'UHS', 'UJM', 'UMN', 'UPG', 'UQ3', 'UVB', 'U2K', 'U77', 'U80', 'VK3', 'VRG', 'VRH', 'VRJ', 'VRK', 'VRL', 'VRM', 'VRN', 'VRR', 'VT7', 'VV4', 'VY7', 'V03', 'V18', 'V8D', 'WMK', 'XLC', 'XL8', 'YF5', '0ST', '1NF', '1SS', '1SZ', '2NF', '2ST', '4AA', '5A7', '56V', '6X1', '7X1', '8AA', '9AA', '9L3']}","['AKQ', 'AL0', 'AM7', 'ATH', 'AT8', 'AV3', 'AXJ', 'AYG', 'A50', 'BTV', 'B34', 'C68', 'DCP', 'DG7', 'D31', 'D5Z', 'EF7', 'FE3', 'FJW', 'GAZ', 'G80', 'HRE', 'H1T', 'IOS', 'I19', 'J6G', 'J77', 'KB7', 'KC4', 'KD1', 'KNR', 'KRV', 'LAL', 'LT1', 'MAH', 'MCR', 'MF6', 'MX0', 'M97', 'NE8', 'NKC', 'NPP', 'NP5', 'NUE', 'NV9', 'R0F', 'R8J', 'R9N', 'SBF', 'SLM', 'TDM', 'T3S', 'T4L', 'UE1', 'UHS', 'UJM', 'UMN', 'UPG', 'UQ3', 'UVB', 'U2K', 'U77', 'U80', 'VK3', 'VRG', 'VRH', 'VRJ', 'VRK', 'VRL', 'VRM', 'VRN', 'VRR', 'VT7', 'VV4', 'VY7', 'V03', 'V18', 'V8D', 'WMK', 'XLC', 'XL8', 'YF5', '0ST', '1NF', '1SS', '1SZ', '2NF', '2ST', '4AA', '5A7', '56V', '6X1', '7X1', '8AA', '9AA', '9L3']"
1G1FF1R79K0138047,2019,CAMARO,COUPE,1SS,6.2L (376 ci) V8 DI,A10,RWD,RIVERSIDE BLUE METALLIC,40735,RICK HENDRICK CHEVROLET NAPLES,"NAPLES, FL 34108",WQNP2K,"{'maker': 'CHEVY', 'model_year': '2019', 'mmc_code': '1AJ37', 'vin': '1G1FF1R79K0138047', 'sitedealer_code': '26495', 'sell_source': '13', 'order_number': 'WQNP2K', 'creation_date': '6/7/2019', 'Options': ['AKQ', 'AL0', 'AM7', 'ATH', 'AT8', 'AV3', 'AXJ', 'AYG', 'A50', 'BTV', 'B34', 'C68', 'DCP', 'DG7', 'D31', 'D5Z', 'EF7', 'FE3', 'FE9', 'FJW', 'GKK', 'G80', 'HRE', 'H1T', 'IOS', 'I19', 'J6G', 'J77', 'KB7', 'KC4', 'KD1', 'KNR', 'KRV', 'LAL', 'LT1', 'MAH', 'MCR', 'MF6', 'MX0', 'M97', 'NE8', 'NKC', 'NPP', 'NP5', 'NTB', 'NV9', 'RXJ', 'R0F', 'R8J', 'R9N', 'SBF', 'SLM', 'TDM', 'T3S', 'T4L', 'UE1', 'UHS', 'UJM', 'UMN', 'UPG', 'UQ3', 'UVB', 'U2K', 'U77', 'U80', 'VRG', 'VRH', 'VRJ', 'VRK', 'VRL', 'VRM', 'VRN', 'VRR', 'VT7', 'VV4', 'VY7', 'V03', 'V18', 'V8D', 'WMK', 'XLC', 'XL8', 'YM8', '0ST', '1NF', '1SS', '1SZ', '2NF', '2ST', '4AA', '5A7', '56S', '6X1', '7X1', '8AA', '9AA', '9L3']}","['AKQ', 'AL0', 'AM7', 'ATH', 'AT8', 'AV3', 'AXJ', 'AYG', 'A50', 'BTV', 'B34', 'C68', 'DCP', 'DG7', 'D31', 'D5Z', 'EF7', 'FE3', 'FE9', 'FJW', 'GKK', 'G80', 'HRE', 'H1T', 'IOS', 'I19', 'J6G', 'J77', 'KB7', 'KC4', 'KD1', 'KNR', 'KRV', 'LAL', 'LT1', 'MAH', 'MCR', 'MF6', 'MX0', 'M97', 'NE8', 'NKC', 'NPP', 'NP5', 'NTB', 'NV9', 'RXJ', 'R0F', 'R8J', 'R9N', 'SBF', 'SLM', 'TDM', 'T3S', 'T4L', 'UE1', 'UHS', 'UJM', 'UMN', 'UPG', 'UQ3', 'UVB', 'U2K', 'U77', 'U80', 'VRG', 'VRH', 'VRJ', 'VRK', 'VRL', 'VRM', 'VRN', 'VRR', 'VT7', 'VV4', 'VY7', 'V03', 'V18', 'V8D', 'WMK', 'XLC', 'XL8', 'YM8', '0ST', '1NF', '1SS', '1SZ', '2NF', '2ST', '4AA', '5A7', '56S', '6X1', '7X1', '8AA', '9AA', '9L3']"
1G1FB3DX9K0130156,2019,CAMARO,CONVERTIBLE,1LT,"2.0L Turbo, 4-cylinder, SIDI, VVT",A8,RWD,SUMMIT WHITE,34890,RICHARD LUCAS CHEVROLET,"AVENEL, NJ 07001-1500",WMKP95,"{'maker': 'CHEVY', 'model_year': '2019', 'mmc_code': '1AG67', 'vin': '1G1FB3DX9K0130156', 'sitedealer_code': '02124', 'sell_source': '13', 'order_number': 'WMKP95', 'creation_date': '8/24/2019', 'Options': ['AJ9', 'AKQ', 'AL0', 'ATH', 'AT8', 'AV3', 'AXJ', 'A50', 'A62', 'BTV', 'B34', 'CM8', 'C68', 'DCP', 'DG7', 'D31', 'D5Z', 'EF7', 'FE2', 'FJW', 'GAZ', 'GW6', 'H1T', 'IOS', 'I19', 'JL9', 'J71', 'KB7', 'KRV', 'KTI', 'LAL', 'LTG', 'MAH', 'MCR', 'MX0', 'M5T', 'M97', 'NE1', 'NE8', 'NKC', 'NKE', 'NP5', 'NUB', 'NV9', 'N10', 'REG', 'R0H', 'R6I', 'R6M', 'R9N', 'SBF', 'SLM', 'TDM', 'T4L', 'T61', 'UB3', 'UDD', 'UE1', 'UJM', 'UMN', 'UPG', 'UQA', 'UVB', 'U2K', 'U80', 'VK3', 'VRG', 'VRH', 'VRJ', 'VRK', 'VRL', 'VRM', 'VRN', 'VRR', 'VT7', 'VV4', 'VY7', 'V8D', 'WMK', 'XL8', 'Y3W', '0ST', '1LT', '1NF', '1SZ', '19T', '2NF', '2ST', '4AA', '5A7', '6X1', '7X1', '8CA', '9CA', '9L3']}","['AJ9', 'AKQ', 'AL0', 'ATH', 'AT8', 'AV3', 'AXJ', 'A50', 'A62', 'BTV', 'B34', 'CM8', 'C68', 'DCP', 'DG7', 'D31', 'D5Z', 'EF7', 'FE2', 'FJW', 'GAZ', 'GW6', 'H1T', 'IOS', 'I19', 'JL9', 'J71', 'KB7', 'KRV', 'KTI', 'LAL', 'LTG', 'MAH', 'MCR', 'MX0', 'M5T', 'M97', 'NE1', 'NE8', 'NKC', 'NKE', 'NP5', 'NUB', 'NV9', 'N10', 'REG', 'R0H', 'R6I', 'R6M', 'R9N', 'SBF', 'SLM', 'TDM', 'T4L', 'T61', 'UB3', 'UDD', 'UE1', 'UJM', 'UMN', 'UPG', 'UQA', 'UVB', 'U2K', 'U80', 'VK3', 'VRG', 'VRH', 'VRJ', 'VRK', 'VRL', 'VRM', 'VRN', 'VRR', 'VT7', 'VV4', 'VY7', 'V8D', 'WMK', 'XL8', 'Y3W', '0ST', '1LT', '1NF', '1SZ', '19T', '2NF', '2ST', '4AA', '5A7', '6X1', '7X1', '8CA', '9CA', '9L3']"
1G1FB3DX3K0127849,2019,CAMARO,CONVERTIBLE,1LT,"2.0L Turbo, 4-cylinder, SIDI, VVT",A8,RWD,RED HOT,34190,ATKINS KROLL CHEVROLET,"TAMUNING, GU 96913-3899",WJNDC9,"{'maker': 'CHEVY', 'model_year': '2019', 'mmc_code': '1AG67', 'vin': '1G1FB3DX3K0127849', 'sitedealer_code': '13911', 'sell_source': '13', 'order_number': 'WJNDC9', 'creation_date': '2/28/2020', 'Options': ['AJ9', 'AKQ', 'AL0', 'ATH', 'AT8', 'AV3', 'AXJ', 'A50', 'A62', 'BTV', 'B34', 'B8P', 'CM8', 'C68', 'DCP', 'DG7', 'D31', 'D5Z', 'EF7', 'FE2', 'FE9', 'FJW', 'GW6', 'G7C', 'H1T', 'IOR', 'I19', 'JL9', 'J71', 'KB7', 'KRV', 'KTI', 'LAL', 'LTG', 'MAH', 'MX0', 'M5T', 'M97', 'NE8', 'NKC', 'NP5', 'NTB', 'NV9', 'N10', 'REG', 'R0H', 'R6I', 'R7E', 'R8K', 'R9N', 'SBF', 'SLM', 'TDM', 'T4L', 'T61', 'UB3', 'UDD', 'UE1', 'UJM', 'UMN', 'UPG', 'UQ3', 'UST', 'UVB', 'U2K', 'U80', 'VAV', 'VK3', 'VRG', 'VRH', 'VRJ', 'VRK', 'VRL', 'VRM', 'VRN', 'VRR', 'VT7', 'VV4', 'VY7', 'V8D', 'WMK', 'XL8', 'YM8', '0ST', '1LT', '1NF', '1SZ', '19T', '2NF', '2ST', '4AA', '5A7', '6X1', '7X1', '8CA', '9CA', '9L3']}","['AJ9', 'AKQ', 'AL0', 'ATH', 'AT8', 'AV3', 'AXJ', 'A50', 'A62', 'BTV', 'B34', 'B8P', 'CM8', 'C68', 'DCP', 'DG7', 'D31', 'D5Z', 'EF7', 'FE2', 'FE9', 'FJW', 'GW6', 'G7C', 'H1T', 'IOR', 'I19', 'JL9', 'J71', 'KB7', 'KRV', 'KTI', 'LAL', 'LTG', 'MAH', 'MX0', 'M5T', 'M97', 'NE8', 'NKC', 'NP5', 'NTB', 'NV9', 'N10', 'REG', 'R0H', 'R6I', 'R7E', 'R8K', 'R9N', 'SBF', 'SLM', 'TDM', 'T4L', 'T61', 'UB3', 'UDD', 'UE1', 'UJM', 'UMN', 'UPG', 'UQ3', 'UST', 'UVB', 'U2K', 'U80', 'VAV', 'VK3', 'VRG', 'VRH', 'VRJ', 'VRK', 'VRL', 'VRM', 'VRN', 'VRR', 'VT7', 'VV4', 'VY7', 'V8D', 'WMK', 'XL8', 'YM8', '0ST', '1LT', '1NF', '1SZ', '19T', '2NF', '2ST', '4AA', '5A7', '6X1', '7X1', '8CA', '9CA', '9L3']"
1G1FB1RS2K0141775,2019,CAMARO,COUPE,1LT,"3.6L V6, DI, VVT",A8,RWD,RIVERSIDE BLUE METALLIC,30285,"PETERS CHEVROLET, INC.","LONGVIEW, TX 75608-5550",WRMG7W,"{'maker': 'CHEVY', 'model_year': '2019', 'mmc_code': '1AG37', 'vin': '1G1FB1RS2K0141775', 'sitedealer_code': '07042', 'sell_source': '13', 'order_number': 'WRMG7W', 'creation_date': '5/17/2019', 'Options': ['AKQ', 'AL0', 'AM7', 'ATH', 'AT8', 'AV3', 'AXJ', 'AYG', 'A50', 'BTV', 'B34', 'C68', 'DCP', 'DG7', 'D31', 'EF7', 'FE2', 'FE9', 'FJW', 'GKK', 'HRE', 'H1T', 'IOR', 'I19', 'JL9', 'J71', 'KB7', 'KRV', 'LAL', 'LGX', 'MAH', 'MX0', 'M5T', 'M97', 'NE8', 'NP5', 'NTB', 'NV9', 'N10', 'RTH', 'R29', 'R8J', 'R9N', 'SBF', 'SLM', 'TDM', 'T4L', 'T61', 'UDD', 'UE1', 'UJM', 'UMN', 'UPG', 'UQ3', 'UST', 'UVB', 'U2K', 'U77', 'U80', 'VK3', 'VRG', 'VRH', 'VRJ', 'VRK', 'VRL', 'VRM', 'VRN', 'VRR', 'VT7', 'VV4', 'VY7', 'V8D', 'WMK', 'XL8', '0ST', '1LT', '1NF', '1SZ', '2NF', '2ST', '4AA', '5A7', '6X1', '7X1', '8DX', '9DX', '9L3']}","['AKQ', 'AL0', 'AM7', 'ATH', 'AT8', 'AV3', 'AXJ', 'AYG', 'A50', 'BTV', 'B34', 'C68', 'DCP', 'DG7', 'D31', 'EF7', 'FE2', 'FE9', 'FJW', 'GKK', 'HRE', 'H1T', 'IOR', 'I19', 'JL9', 'J71', 'KB7', 'KRV', 'LAL', 'LGX', 'MAH', 'MX0', 'M5T', 'M97', 'NE8', 'NP5', 'NTB', 'NV9', 'N10', 'RTH', 'R29', 'R8J', 'R9N', 'SBF', 'SLM', 'TDM', 'T4L', 'T61', 'UDD', 'UE1', 'UJM', 'UMN', 'UPG', 'UQ3', 'UST', 'UVB', 'U2K', 'U77', 'U80', 'VK3', 'VRG', 'VRH', 'VRJ', 'VRK', 'VRL', 'VRM', 'VRN', 'VRR', 'VT7', 'VV4', 'VY7', 'V8D', 'WMK', 'XL8', '0ST', '1LT', '1NF', '1SZ', '2NF', '2ST', '4AA', '5A7', '6X1', '7X1', '8DX', '9DX', '9L3']"
1G1FB1RX8K0141033,2019,CAMARO,COUPE,1LS,"2.0L Turbo, 4-cylinder, SIDI, VVT",A8,RWD,SHADOW GRAY METALLIC,27885,COX CHEVROLET INCORPORATED,"BRADENTON, FL 34207-1136",WSHNZQ,"{'maker': 'CHEVY', 'model_year': '2019', 'mmc_code': '1AG37', 'vin': '1G1FB1RX8K0141033', 'sitedealer_code': '26120', 'sell_source': '13', 'order_number': 'WSHNZQ', 'creation_date': '2/27/2020', 'Options': ['AAQ', 'AL0', 'AM7', 'ATH', 'AT8', 'AV3', 'AXJ', 'AYG', 'A50', 'BTV', 'B34', 'C68', 'DCP', 'DG7', 'D31', 'EF7', 'FE2', 'FE9', 'FJW', 'GJI', 'GW6', 'H1T', 'IOR', 'I19', 'JL9', 'J71', 'KB7', 'KRV', 'KTI', 'LAL', 'LTG', 'MAH', 'MX0', 'M5T', 'M97', 'NE8', 'NKC', 'NP5', 'NTB', 'NV9', 'N10', 'R0H', 'R8J', 'R9N', 'SBF', 'SGE', 'SLM', 'TDM', 'T4L', 'T61', 'UDD', 'UE1', 'UJM', 'UMN', 'UPG', 'UQ3', 'UST', 'UVB', 'U77', 'U80', 'VRG', 'VRH', 'VRJ', 'VRK', 'VRL', 'VRM', 'VRN', 'VRR', 'VT7', 'VV4', 'VY7', 'V8D', 'WMK', 'XL8', 'YM8', '0ST', '1LS', '1NF', '1SZ', '2NF', '2ST', '4AA', '5A7', '5KP', '6X1', '7X1', '8DX', '9DX', '9L3']}","['AAQ', 'AL0', 'AM7', 'ATH', 'AT8', 'AV3', 'AXJ', 'AYG', 'A50', 'BTV', 'B34', 'C68', 'DCP', 'DG7', 'D31', 'EF7', 'FE2', 'FE9', 'FJW', 'GJI', 'GW6', 'H1T', 'IOR', 'I19', 'JL9', 'J71', 'KB7', 'KRV', 'KTI', 'LAL', 'LTG', 'MAH', 'MX0', 'M5T', 'M97', 'NE8', 'NKC', 'NP5', 'NTB', 'NV9', 'N10', 'R0H', 'R8J', 'R9N', 'SBF', 'SGE', 'SLM', 'TDM', 'T4L', 'T61', 'UDD', 'UE1', 'UJM', 'UMN', 'UPG', 'UQ3', 'UST', 'UVB', 'U77', 'U80', 'VRG', 'VRH', 'VRJ', 'VRK', 'VRL', 'VRM', 'VRN', 'VRR', 'VT7', 'VV4', 'VY7', 'V8D', 'WMK', 'XL8', 'YM8', '0ST', '1LS', '1NF', '1SZ', '2NF', '2ST', '4AA', '5A7', '5KP', '6X1', '7X1', '8DX', '9DX', '9L3']"
1G1FB1RX7K0144988,2019,CAMARO,COUPE,1LT,"2.0L Turbo, 4-cylinder, SIDI, VVT",A8,RWD,SHOCK,30495,"MILES CHEVROLET, LLC","DECATUR, IL 62524-3160",WTGN50,"{'maker': 'CHEVY', 'model_year': '2019', 'mmc_code': '1AG37', 'vin': '1G1FB1RX7K0144988', 'sitedealer_code': '47360', 'sell_source': '13', 'order_number': 'WTGN50', 'creation_date': '5/17/2019', 'Options': ['AKQ', 'AL0', 'AM7', 'ATH', 'AT8', 'AV3', 'AXJ', 'AYG', 'A50', 'BTV', 'B34', 'C68', 'DCP', 'DG7', 'D31', 'EF7', 'FE2', 'FE9', 'FJW', 'GKO', 'GW6', 'H1T', 'IOS', 'I19', 'JL9', 'J71', 'KB7', 'KRV', 'LAL', 'LTG', 'MAH', 'MCR', 'MX0', 'M5T', 'M97', 'NE8', 'NKC', 'NKE', 'NP5', 'NTB', 'NV9', 'N10', 'RIK', 'RTH', 'R29', 'R8J', 'R9N', 'SBF', 'SLM', 'TDM', 'T4L', 'T61', 'UDD', 'UE1', 'UJM', 'UMN', 'UPG', 'UQA', 'UVB', 'U2K', 'U77', 'U80', 'VAV', 'VK3', 'VRG', 'VRH', 'VRJ', 'VRK', 'VRL', 'VRM', 'VRN', 'VRR', 'VT7', 'VV4', 'VY7', 'V8D', 'WMK', 'XL8', 'YM8', 'Y3W', '0ST', '1LT', '1NF', '1SZ', '2NF', '2ST', '4AA', '5A7', '6X1', '7X1', '8DX', '9DX', '9L3']}","['AKQ', 'AL0', 'AM7', 'ATH', 'AT8', 'AV3', 'AXJ', 'AYG', 'A50', 'BTV', 'B34', 'C68', 'DCP', 'DG7', 'D31', 'EF7', 'FE2', 'FE9', 'FJW', 'GKO', 'GW6', 'H1T', 'IOS', 'I19', 'JL9', 'J71', 'KB7', 'KRV', 'LAL', 'LTG', 'MAH', 'MCR', 'MX0', 'M5T', 'M97', 'NE8', 'NKC', 'NKE', 'NP5', 'NTB', 'NV9', 'N10', 'RIK', 'RTH', 'R29', 'R8J', 'R9N', 'SBF', 'SLM', 'TDM', 'T4L', 'T61', 'UDD', 'UE1', 'UJM', 'UMN', 'UPG', 'UQA', 'UVB', 'U2K', 'U77', 'U80', 'VAV', 'VK3', 'VRG', 'VRH', 'VRJ', 'VRK', 'VRL', 'VRM', 'VRN', 'VRR', 'VT7', 'VV4', 'VY7', 'V8D', 'WMK', 'XL8', 'YM8', 'Y3W', '0ST', '1LT', '1NF', '1SZ', '2NF', '2ST', '4AA', '5A7', '6X1', '7X1', '8DX', '9DX', '9L3']"
1G1FH1R73K0140080,2019,CAMARO,COUPE,2SS,6.2L (376 ci) V8 DI,A10,RWD,SUMMIT WHITE,45985,ED MARTIN CHEVROLET-CADILLAC,"ANDERSON, IN 46013-3139",WSKC15,"{'maker': 'CHEVY', 'model_year': '2019', 'mmc_code': '1AK37', 'vin': '1G1FH1R73K0140080', 'sitedealer_code': '25265', 'sell_source': '13', 'order_number': 'WSKC15', 'creation_date': '11/6/2019', 'Options': ['AKQ', 'AL0', 'AM7', 'ATH', 'AT8', 'AV3', 'AXJ', 'AYG', 'A45', 'A50', 'A9B', 'BTV', 'B34', 'B7G', 'CF5', 'CJ2', 'C70', 'DCP', 'DD1', 'DRZ', 'D5Z', 'EF7', 'FE3', 'FE9', 'FJW', 'GAZ', 'G80', 'HRE', 'H0Y', 'IOS', 'I19', 'J6G', 'J77', 'KA1', 'KB7', 'KC4', 'KD1', 'KNR', 'KQV', 'KRV', 'LAL', 'LT1', 'MAH', 'MCR', 'MF6', 'MX0', 'M97', 'NE8', 'NKC', 'NP5', 'NTB', 'NV9', 'N10', 'R0F', 'R8J', 'R9N', 'SBF', 'SLM', 'TDM', 'T3S', 'T4L', 'UD7', 'UEU', 'UE1', 'UFG', 'UHS', 'UJM', 'UKC', 'UMN', 'UPG', 'UQA', 'UVB', 'UVD', 'UV6', 'U2K', 'U77', 'U80', 'VRG', 'VRH', 'VRJ', 'VRK', 'VRL', 'VRM', 'VRN', 'VRR', 'VT7', 'VV4', 'VY7', 'V03', 'V18', 'V8D', 'WMK', 'XLC', 'XL8', '0ST', '1NF', '1SZ', '2NF', '2SS', '2ST', '4AA', '5A7', '56V', '6X1', '7X1', '8AA', '9AA', '9L3']}","['AKQ', 'AL0', 'AM7', 'ATH', 'AT8', 'AV3', 'AXJ', 'AYG', 'A45', 'A50', 'A9B', 'BTV', 'B34', 'B7G', 'CF5', 'CJ2', 'C70', 'DCP', 'DD1', 'DRZ', 'D5Z', 'EF7', 'FE3', 'FE9', 'FJW', 'GAZ', 'G80', 'HRE', 'H0Y', 'IOS', 'I19', 'J6G', 'J77', 'KA1', 'KB7', 'KC4', 'KD1', 'KNR', 'KQV', 'KRV', 'LAL', 'LT1', 'MAH', 'MCR', 'MF6', 'MX0', 'M97', 'NE8', 'NKC', 'NP5', 'NTB', 'NV9', 'N10', 'R0F', 'R8J', 'R9N', 'SBF', 'SLM', 'TDM', 'T3S', 'T4L', 'UD7', 'UEU', 'UE1', 'UFG', 'UHS', 'UJM', 'UKC', 'UMN', 'UPG', 'UQA', 'UVB', 'UVD', 'UV6', 'U2K', 'U77', 'U80', 'VRG', 'VRH', 'VRJ', 'VRK', 'VRL', 'VRM', 'VRN', 'VRR', 'VT7', 'VV4', 'VY7', 'V03', 'V18', 'V8D', 'WMK', 'XLC', 'XL8', '0ST', '1NF', '1SZ', '2NF', '2SS', '2ST', '4AA', '5A7', '56V', '6X1', '7X1', '8AA', '9AA', '9L3']"
1G1FH1R73K0142556,2019,CAMARO,COUPE,2SS,6.2L (376 ci) V8 DI,A10,RWD,SATIN STEEL GREY METALLIC,49670,HENDRICK CHEVROLET CADILLAC,"MONROE, NC 28111-0728",WSMJN9,"{'maker': 'CHEVY', 'model_year': '2019', 'mmc_code': '1AK37', 'vin': '1G1FH1R73K0142556', 'sitedealer_code': '16512', 'sell_source': '13', 'order_number': 'WSMJN9', 'creation_date': '10/15/2019', 'Options': ['AKQ', 'AL0', 'AM7', 'ATH', 'AT8', 'AV3', 'AXJ', 'AYG', 'A45', 'A50', 'A9B', 'BTV', 'B34', 'B7G', 'CF5', 'CJ2', 'C70', 'DCP', 'DD1', 'DRZ', 'D5Z', 'EF7', 'FE3', 'FE9', 'FJW', 'G80', 'G9K', 'HRE', 'H0Y', 'IOT', 'I19', 'J6G', 'J77', 'KA1', 'KB7', 'KC4', 'KD1', 'KNR', 'KQV', 'KRV', 'LAL', 'LT1', 'MAH', 'MCR', 'MF6', 'MX0', 'M97', 'NE8', 'NKC', 'NPP', 'NP5', 'NTB', 'NV9', 'R0F', 'R8J', 'R9N', 'SBF', 'SLM', 'TDM', 'T3S', 'T4L', 'UD7', 'UEU', 'UE1', 'UFG', 'UHS', 'UJM', 'UKC', 'UMN', 'UPG', 'UQA', 'UVB', 'UVD', 'UV6', 'U2K', 'U77', 'U80', 'VRG', 'VRH', 'VRJ', 'VRK', 'VRL', 'VRM', 'VRN', 'VRR', 'VT7', 'VV4', 'VY7', 'V03', 'V18', 'V8D', 'WMK', 'XLC', 'XL8', 'YM8', '0ST', '1NF', '1SZ', '2NF', '2SS', '2ST', '4AA', '5A7', '56S', '57S', '6X1', '7X1', '8AA', '9AA', '9L3']}","['AKQ', 'AL0', 'AM7', 'ATH', 'AT8', 'AV3', 'AXJ', 'AYG', 'A45', 'A50', 'A9B', 'BTV', 'B34', 'B7G', 'CF5', 'CJ2', 'C70', 'DCP', 'DD1', 'DRZ', 'D5Z', 'EF7', 'FE3', 'FE9', 'FJW', 'G80', 'G9K', 'HRE', 'H0Y', 'IOT', 'I19', 'J6G', 'J77', 'KA1', 'KB7', 'KC4', 'KD1', 'KNR', 'KQV', 'KRV', 'LAL', 'LT1', 'MAH', 'MCR', 'MF6', 'MX0', 'M97', 'NE8', 'NKC', 'NPP', 'NP5', 'NTB', 'NV9', 'R0F', 'R8J', 'R9N', 'SBF', 'SLM', 'TDM', 'T3S', 'T4L', 'UD7', 'UEU', 'UE1', 'UFG', 'UHS', 'UJM', 'UKC', 'UMN', 'UPG', 'UQA', 'UVB', 'UVD', 'UV6', 'U2K', 'U77', 'U80', 'VRG', 'VRH', 'VRJ', 'VRK', 'VRL', 'VRM', 'VRN', 'VRR', 'VT7', 'VV4', 'VY7', 'V03', 'V18', 'V8D', 'WMK', 'XLC', 'XL8', 'YM8', '0ST', '1NF', '1SZ', '2NF', '2SS', '2ST', '4AA', '5A7', '56S', '57S', '6X1', '7X1', '8AA', '9AA', '9L3']"
1G1FB3DX5K0139193,2019,CAMARO,CONVERTIBLE,1LT,"2.0L Turbo, 4-cylinder, SIDI, VVT",A8,RWD,CRUSH,43955,GM OF CANADA LTD. - SHAWN HALL,"OSHAWA, ON L1H 8P7",WQCK5K,"{'maker': 'GMCANADA', 'model_year': '2019', 'mmc_code': '1AG67', 'vin': '1G1FB3DX5K0139193', 'sitedealer_code': '80568', 'sell_source': '14', 'order_number': 'WQCK5K', 'creation_date': '2/27/2020', 'Options': ['AJ9', 'AKQ', 'AL0', 'ATH', 'AT8', 'AV3', 'AXJ', 'A50', 'A62', 'BTV', 'B34', 'CM8', 'C3O', 'C68', 'DCP', 'DG7', 'DNS', 'D31', 'D5Z', 'FE2', 'FE9', 'FJW', 'GW6', 'G16', 'H1T', 'IOR', 'I19', 'JL9', 'J71', 'KB7', 'KRV', 'K05', 'LAL', 'LTG', 'MBC', 'MX0', 'M5T', 'M97', 'NE8', 'NKC', 'NP5', 'NTB', 'NV9', 'N10', 'RTH', 'R29', 'R6I', 'R7K', 'R7W', 'SBF', 'SFE', 'SLM', 'TDM', 'TD2', 'T4L', 'T61', 'UB3', 'UDD', 'UE1', 'UJM', 'UPG', 'UQ3', 'UST', 'UVB', 'U19', 'U2K', 'U80', 'VK3', 'VRG', 'VRH', 'VRJ', 'VRK', 'VRL', 'VRM', 'VRN', 'VRR', 'VT7', 'VV4', 'VY7', 'V8E', 'WMK', 'WRS', 'XL8', 'YM8', 'Z49', '0ST', '1LT', '1NF', '19T', '2NF', '2ST', '4AA', '5A7', '6X1', '7X1', '8CA', '9CA', '9L3']}","['AJ9', 'AKQ', 'AL0', 'ATH', 'AT8', 'AV3', 'AXJ', 'A50', 'A62', 'BTV', 'B34', 'CM8', 'C3O', 'C68', 'DCP', 'DG7', 'DNS', 'D31', 'D5Z', 'FE2', 'FE9', 'FJW', 'GW6', 'G16', 'H1T', 'IOR', 'I19', 'JL9', 'J71', 'KB7', 'KRV', 'K05', 'LAL', 'LTG', 'MBC', 'MX0', 'M5T', 'M97', 'NE8', 'NKC', 'NP5', 'NTB', 'NV9', 'N10', 'RTH', 'R29', 'R6I', 'R7K', 'R7W', 'SBF', 'SFE', 'SLM', 'TDM', 'TD2', 'T4L', 'T61', 'UB3', 'UDD', 'UE1', 'UJM', 'UPG', 'UQ3', 'UST', 'UVB', 'U19', 'U2K', 'U80', 'VK3', 'VRG', 'VRH', 'VRJ', 'VRK', 'VRL', 'VRM', 'VRN', 'VRR', 'VT7', 'VV4', 'VY7', 'V8E', 'WMK', 'WRS', 'XL8', 'YM8', 'Z49', '0ST', '1LT', '1NF', '19T', '2NF', '2ST', '4AA', '5A7', '6X1', '7X1', '8CA', '9CA', '9L3']"
